Nº,Id_Jogo,League,Season,Date,Rodada,Home,Away,FT_Goals_H,FT_Goals_A,FT_TotalGoals,Goals_H_Minutes,Goals_A_Minutes,FT_Odd_H,FT_Odd_D,FT_Odd_A,FT_Odd_Over25,FT_Odd_Under25,FT_Odd_BTTS_Yes,FT_Odd_BTTS_No
1,1588112,Brazil Serie D,2022,2022-04-17 15:00:00,1,Castanhal,Moto Club MA,3,0,3,"['6', '20', '90+2']",[],2.0,3.8,2.85,2.05,1.75,1.85,1.91
2,1588390,Brazil Serie D,2022,2022-04-17 15:00:00,1,Nova Iguaçu,Cianorte,1,3,4,['64'],"['34', '44', '75']",1.91,3.1,3.5,2.3,1.57,2.15,1.62
3,1588334,Brazil Serie D,2022,2022-04-17 15:00:00,1,Nova Venécia,Bahia de Feira,0,0,0,[],[],2.02,3.1,3.48,2.1,1.66,0.0,0.0
4,1588278,Brazil Serie D,2022,2022-04-17 15:00:00,1,Ceilândia,Costa Rica,1,0,1,['73'],[],1.4,3.75,7.5,1.93,1.84,0.0,0.0
5,1588167,Brazil Serie D,2022,2022-04-17 15:00:00,1,São Paulo Crystal,Afogados,1,0,1,['34'],[],3.15,3.35,2.17,2.2,1.65,1.95,1.75
6,1588449,Brazil Serie D,2022,2022-04-17 15:00:00,1,Aimoré,Marcílio Dias,3,2,5,"['25', '61', '87']","['8', '47']",2.2,2.9,3.2,2.5,1.5,2.05,1.68
7,1588392,Brazil Serie D,2022,2022-04-17 15:00:00,1,Pérolas Negras,Santo André,1,2,3,['30'],"['74', '83']",3.28,3.13,2.19,2.15,1.62,1.95,1.78
8,1588113,Brazil Serie D,2022,2022-04-17 15:30:00,1,Juventude MA,Fluminense PI,2,4,6,"['2', '79']","['12', '16', '50', '90+4']",1.77,3.4,3.95,1.93,1.78,0.0,0.0
9,1588279,Brazil Serie D,2022,2022-04-17 15:30:00,1,Iporá,CEOV Operário,0,1,1,[],['66'],1.63,3.72,5.0,2.01,1.8,2.0,1.75
10,1588054,Brazil Serie D,2022,2022-04-17 16:00:00,1,São Raimundo AM,São Raimundo RR,2,1,3,"['89', '90+3']",['63'],2.08,3.45,3.25,1.84,1.93,1.78,1.95
11,1588223,Brazil Serie D,2022,2022-04-17 16:00:00,1,Juazeirense,CSE,1,1,2,['38'],['36'],1.5,3.78,5.65,1.96,1.75,0.0,0.0
12,1588222,Brazil Serie D,2022,2022-04-17 16:00:00,1,Lagarto,Santa Cruz,0,0,0,[],[],2.95,3.05,2.43,2.05,1.75,0.0,0.0
13,1588169,Brazil Serie D,2022,2022-04-17 16:00:00,1,Icasa,Globo,1,0,1,['53'],[],2.51,3.02,2.79,1.89,1.88,1.85,1.85
14,1588224,Brazil Serie D,2022,2022-04-17 16:00:00,1,ASA,Atlético Alagoinhas,1,0,1,['88'],[],1.9,3.6,3.2,2.1,1.7,1.86,1.8
15,1588168,Brazil Serie D,2022,2022-04-17 16:00:00,1,Retrô,Crato,2,0,2,"['70', '73']",[],0.0,0.0,0.0,0.0,0.0,0.0,0.0
16,1588166,Brazil Serie D,2022,2022-04-17 16:00:00,1,América RN,Sousa,2,1,3,"['22', '90+1']",['57'],1.62,3.75,5.0,1.97,1.81,1.9,1.8
17,1588446,Brazil Serie D,2022,2022-04-17 16:00:00,1,Juventus SC,São Luiz,1,1,2,['10'],['90+3'],2.8,2.88,2.45,2.7,1.44,2.15,1.62
18,1588447,Brazil Serie D,2022,2022-04-17 16:00:00,1,Cascavel CR,Próspera Criciuma,1,0,1,['32'],[],1.46,4.25,5.5,1.69,2.0,0.0,0.0
19,1588110,Brazil Serie D,2022,2022-04-17 16:00:00,1,4 de Julho,Pacajus,1,1,2,['45+1'],['13'],1.9,3.4,3.85,1.99,1.79,1.95,1.78
20,1588111,Brazil Serie D,2022,2022-04-17 16:00:00,1,Tocantinópolis,Tuna Luso,3,1,4,"['67', '78', '85']",['49'],2.07,3.6,3.15,1.93,1.84,1.8,1.86
21,1588393,Brazil Serie D,2022,2022-04-17 16:00:00,1,São Bernardo,Portuguesa RJ,0,0,0,[],[],2.25,3.0,3.0,2.4,1.5,2.0,1.72
22,1588225,Brazil Serie D,2022,2022-04-17 16:00:00,1,Jacuipense,Sergipe,1,1,2,['22'],['45+2'],2.22,3.05,3.3,2.4,1.53,2.05,1.68
23,1588391,Brazil Serie D,2022,2022-04-17 16:00:00,1,Oeste,Paraná,0,0,0,[],[],1.24,6.2,9.0,1.79,2.0,2.8,1.37
24,1588281,Brazil Serie D,2022,2022-04-17 16:00:00,1,Anápolis,Brasiliense,0,2,2,[],"['30', '86']",3.3,3.05,2.22,2.3,1.6,2.1,1.65
25,1588280,Brazil Serie D,2022,2022-04-17 16:00:00,1,Acao Cuiaba,Grêmio Anápolis,1,3,4,['30'],"['16', '83', '90+5']",3.48,3.1,2.02,2.3,1.6,2.05,1.7
26,1588335,Brazil Serie D,2022,2022-04-17 16:00:00,1,Caldense,Inter de Limeira,0,0,0,[],[],1.84,3.3,4.2,2.35,1.57,1.8,1.9
27,1588336,Brazil Serie D,2022,2022-04-17 17:00:00,1,Ferroviária,URT,8,0,8,"['4', '44', '49', '50', '59', '62', '73', '85']",[],1.25,5.6,9.8,1.65,2.2,3.4,1.27
28,1588337,Brazil Serie D,2022,2022-04-17 17:30:00,1,Pouso Alegre,Noroeste,2,1,3,"['25', '54']",['59'],1.79,3.32,4.56,2.05,1.77,2.15,1.62
29,1588057,Brazil Serie D,2022,2022-04-17 18:00:00,1,Humaitá,Amazonas,0,1,1,[],['55'],2.92,3.22,2.34,2.09,1.74,1.82,1.9
30,1588056,Brazil Serie D,2022,2022-04-18 20:15:00,1,Trem,Rio Branco,2,2,4,"['26', '90+8']","['81', '88']",2.0,3.2,3.3,0.0,0.0,0.0,0.0
31,1588055,Brazil Serie D,2022,2022-04-18 20:30:00,1,Náutico RR,Porto Velho,0,3,3,[],"['19', '64', '85']",0.0,0.0,0.0,0.0,0.0,0.0,0.0
32,1588116,Brazil Serie D,2022,2022-04-22 20:00:00,2,Pacajus,Castanhal,1,0,1,['76'],[],1.55,3.5,2.2,2.05,1.75,1.82,1.88
33,1588450,Brazil Serie D,2022,2022-04-23 15:00:00,2,Caxias,Juventus SC,1,0,1,['18'],[],1.17,3.75,4.5,2.88,1.4,2.5,1.45
34,1588394,Brazil Serie D,2022,2022-04-23 15:00:00,2,Santo André,Nova Iguaçu,0,1,1,[],['66'],1.48,3.0,2.4,2.2,1.65,1.89,1.87
35,1588453,Brazil Serie D,2022,2022-04-23 15:30:00,2,Marcílio Dias,Cascavel CR,1,1,2,['49'],['57'],2.0,3.1,1.71,2.5,1.5,2.05,1.68
36,1588339,Brazil Serie D,2022,2022-04-23 16:00:00,2,Inter de Limeira,Pouso Alegre,3,0,3,"['78', '82', '90+2']",[],1.23,4.0,3.5,2.35,1.57,2.5,1.5
37,1588282,Brazil Serie D,2022,2022-04-23 16:00:00,2,Grêmio Anápolis,Ceilândia,0,0,0,[],[],1.43,3.3,2.63,2.2,1.65,1.95,1.75
38,1588227,Brazil Serie D,2022,2022-04-23 16:00:00,2,CSE,Jacuipense,3,3,6,"['42', '53', '90+1']","['3', '25', '75']",2.65,3.1,2.65,2.1,1.66,1.95,1.81
39,1588228,Brazil Serie D,2022,2022-04-23 16:00:00,2,Santa Cruz,ASA,1,2,3,['78'],"['22', '87']",1.5,4.0,5.0,2.3,1.6,0.0,0.0
40,1588452,Brazil Serie D,2022,2022-04-23 16:00:00,2,São Luiz,Azuriz,2,0,2,"['66', '76']",[],1.45,3.2,2.4,2.88,1.4,2.38,1.53
41,1588283,Brazil Serie D,2022,2022-04-23 16:00:00,2,CEOV Operário,Anápolis,0,0,0,[],[],1.5,3.0,2.3,2.3,1.55,2.0,1.77
42,1588338,Brazil Serie D,2022,2022-04-23 16:00:00,2,URT,Nova Venécia,0,3,3,[],"['45+4', '83', '90+5']",3.45,4.0,1.26,1.62,2.25,1.7,2.05
43,1588059,Brazil Serie D,2022,2022-04-23 16:30:00,2,Porto Velho,Humaitá,3,2,5,"['6', '83', '90+3']","['24', '45+3']",1.67,3.8,4.4,2.1,1.66,0.0,0.0
44,1588115,Brazil Serie D,2022,2022-04-24 15:00:00,2,Tuna Luso,Juventude MA,0,3,3,[],"['25', '31', '66']",1.08,5.75,5.75,1.44,2.7,1.95,1.78
45,1588451,Brazil Serie D,2022,2022-04-24 15:00:00,2,Próspera Criciuma,Aimoré,0,1,1,[],['75'],2.25,3.5,1.57,2.3,1.6,1.95,1.76
46,1588170,Brazil Serie D,2022,2022-04-24 15:00:00,2,Crato,América RN,0,0,0,[],[],0.0,0.0,0.0,0.0,0.0,0.0,0.0
47,1588285,Brazil Serie D,2022,2022-04-24 15:30:00,2,Brasiliense,Iporá,2,2,4,"['31', '43']","['63', '69']",1.67,3.4,4.5,2.08,1.67,1.9,1.8
48,1588061,Brazil Serie D,2022,2022-04-24 16:00:00,2,Amazonas,Náutico RR,3,0,3,"['25', '29', '90+3']",[],1.11,6.71,13.73,1.57,2.25,3.05,1.31
49,1588117,Brazil Serie D,2022,2022-04-24 16:00:00,2,Fluminense PI,Tocantinópolis,4,0,4,"['11', '38', '74', '90+1']",[],1.57,3.6,5.0,1.92,1.8,1.9,1.78
50,1588060,Brazil Serie D,2022,2022-04-24 16:00:00,2,São Raimundo RR,Trem,2,1,3,"['25', '50']",['73'],0.0,0.0,0.0,0.0,0.0,0.0,0.0
51,1588341,Brazil Serie D,2022,2022-04-24 16:00:00,2,Noroeste,Caldense,2,1,3,"['29', '77']",['90+5'],2.7,3.1,2.38,2.05,1.75,1.73,2.0
52,1588171,Brazil Serie D,2022,2022-04-24 16:00:00,2,Afogados,Icasa,1,0,1,['81'],[],1.94,3.15,3.15,2.23,1.58,1.9,1.8
53,1588340,Brazil Serie D,2022,2022-04-24 16:00:00,2,Bahia de Feira,Ferroviária,0,0,0,[],[],4.0,3.2,1.71,2.28,1.56,2.1,1.68
54,1588173,Brazil Serie D,2022,2022-04-24 16:00:00,2,Globo,São Paulo Crystal,1,2,3,['45'],"['17', '21']",1.99,3.05,3.15,2.02,1.71,1.8,1.9
55,1588396,Brazil Serie D,2022,2022-04-24 16:00:00,2,Cianorte,Pérolas Negras,2,2,4,"['5', '15']","['35', '36']",1.4,3.7,6.2,2.15,1.61,2.25,1.55
56,1588395,Brazil Serie D,2022,2022-04-24 16:00:00,2,Paraná,São Bernardo,0,0,0,[],[],2.95,3.05,2.07,2.48,1.45,2.0,1.68
57,1588226,Brazil Serie D,2022,2022-04-24 16:00:00,2,Atlético Alagoinhas,Lagarto,1,1,2,['75'],['45+2'],1.69,3.05,4.3,2.55,1.47,2.1,1.65
58,1588229,Brazil Serie D,2022,2022-04-24 16:00:00,2,Sergipe,Juazeirense,1,1,2,['79'],['54'],2.15,2.55,3.4,2.55,1.47,2.05,1.7
59,1588172,Brazil Serie D,2022,2022-04-24 16:00:00,2,Sousa,Retrô,0,3,3,[],"['47', '64', '90']",2.55,2.85,2.44,2.2,1.61,1.86,1.83
60,1588114,Brazil Serie D,2022,2022-04-24 17:00:00,2,Moto Club MA,4 de Julho,3,0,3,"['6', '69', '71']",[],1.9,3.0,4.0,2.08,1.68,1.88,1.82
61,1588058,Brazil Serie D,2022,2022-04-24 18:00:00,2,Rio Branco,São Raimundo AM,1,0,1,['71'],[],3.1,3.25,2.05,1.75,1.95,0.0,0.0
62,1588397,Brazil Serie D,2022,2022-04-24 19:00:00,2,Portuguesa RJ,Oeste,1,1,2,['81'],['58'],2.25,2.9,2.8,2.45,1.49,1.9,1.76
63,1588448,Brazil Serie D,2022,2022-04-27 20:00:00,1,Azuriz,Caxias,1,0,1,['57'],[],1.8,2.8,1.82,2.36,1.52,2.1,1.65
64,1588284,Brazil Serie D,2022,2022-04-27 21:00:00,2,Costa Rica,Acao Cuiaba,2,0,2,"['69', '71']",[],1.5,3.75,6.0,1.8,2.0,0.0,0.0
65,1588177,Brazil Serie D,2022,2022-04-30 15:00:00,3,Crato,Icasa,0,1,1,[],['83'],0.0,0.0,0.0,0.0,0.0,0.0,0.0
66,1588401,Brazil Serie D,2022,2022-04-30 15:00:00,3,Santo André,São Bernardo,0,1,1,[],['90'],1.9,2.88,1.72,3.1,1.36,2.15,1.62
67,1588398,Brazil Serie D,2022,2022-04-30 15:00:00,3,Nova Iguaçu,Paraná,1,1,2,['69'],['12'],1.28,3.2,3.1,2.7,1.44,2.6,1.45
68,1588176,Brazil Serie D,2022,2022-04-30 15:00:00,3,São Paulo Crystal,Sousa,2,3,5,"['22', '64']","['24', '52', '66']",2.05,3.1,1.65,2.35,1.57,2.0,1.72
69,1588286,Brazil Serie D,2022,2022-04-30 15:30:00,3,Ceilândia,CEOV Operário,3,0,3,"['26', '49', '70']",[],1.38,3.0,2.7,2.5,1.5,2.2,1.6
70,1588289,Brazil Serie D,2022,2022-04-30 16:00:00,3,Grêmio Anápolis,Anápolis,1,3,4,['78'],"['19', '26', '80']",2.12,2.88,1.63,3.1,1.36,2.49,1.51
71,1588118,Brazil Serie D,2022,2022-04-30 16:00:00,3,4 de Julho,Tuna Luso,3,0,3,"['47', '56', '90+5']",[],1.4,3.2,2.6,2.0,1.8,1.82,1.88
72,1588120,Brazil Serie D,2022,2022-04-30 16:00:00,3,Tocantinópolis,Pacajus,1,1,2,['4'],['77'],1.75,3.25,1.9,2.05,1.75,1.8,1.9
73,1588345,Brazil Serie D,2022,2022-04-30 16:00:00,3,URT,Pouso Alegre,0,1,1,[],['45+3'],4.6,4.0,1.13,1.8,2.0,2.15,1.62
74,1588174,Brazil Serie D,2022,2022-04-30 17:00:00,3,América RN,Afogados,0,1,1,[],['87'],1.82,3.0,3.46,2.12,1.65,2.0,1.7
75,1588343,Brazil Serie D,2022,2022-04-30 17:00:00,3,Ferroviária,Noroeste,1,2,3,['33'],"['24', '70']",1.09,4.0,6.0,2.05,1.75,2.42,1.54
76,1588064,Brazil Serie D,2022,2022-04-30 18:00:00,3,Náutico RR,São Raimundo RR,1,1,2,['14'],['28'],0.0,0.0,0.0,0.0,0.0,0.0,0.0
77,1588344,Brazil Serie D,2022,2022-04-30 20:00:00,3,Caldense,Bahia de Feira,0,2,2,[],"['57', '63']",1.7,3.0,1.95,2.0,1.73,1.9,1.8
78,1588342,Brazil Serie D,2022,2022-05-01 15:00:00,3,Nova Venécia,Inter de Limeira,2,2,4,"['38', '71']","['66', '83']",2.2,2.9,1.55,2.5,1.5,2.1,1.65
79,1588399,Brazil Serie D,2022,2022-05-01 15:00:00,3,Pérolas Negras,Portuguesa RJ,1,1,2,['73'],['42'],2.55,3.0,1.4,2.5,1.5,2.0,1.71
80,1588455,Brazil Serie D,2022,2022-05-01 15:00:00,3,Azuriz,Marcílio Dias,1,0,1,['82'],[],2.56,2.65,2.88,2.8,1.36,2.25,1.55
81,1588457,Brazil Serie D,2022,2022-05-01 15:00:00,3,Caxias,Aimoré,4,2,6,"['7', '33', '83', '90+1']","['38', '48']",1.27,3.3,3.35,2.7,1.44,2.42,1.54
82,1588288,Brazil Serie D,2022,2022-05-01 15:30:00,3,Iporá,Costa Rica,1,2,3,['77'],"['58', '89']",1.63,3.26,6.0,2.1,1.67,0.0,0.0
83,1588456,Brazil Serie D,2022,2022-05-01 16:00:00,3,Cascavel CR,São Luiz,2,1,3,"['58', '90+3']",['86'],1.88,3.14,4.25,2.64,1.4,2.3,1.59
84,1588287,Brazil Serie D,2022,2022-05-01 16:00:00,3,Acao Cuiaba,Brasiliense,0,2,2,[],"['66', '89']",3.55,3.35,1.76,1.86,1.84,1.91,1.8
85,1588454,Brazil Serie D,2022,2022-05-01 16:00:00,3,Juventus SC,Próspera Criciuma,0,1,1,[],['68'],1.52,2.88,2.25,2.7,1.44,2.25,1.58
86,1588062,Brazil Serie D,2022,2022-05-01 16:00:00,3,São Raimundo AM,Porto Velho,0,1,1,[],['57'],1.65,3.4,4.0,1.92,1.78,1.68,2.0
87,1588230,Brazil Serie D,2022,2022-05-01 16:00:00,3,Lagarto,CSE,3,3,6,"['56', '63', '85']","['30', '46', '81']",1.68,3.05,4.4,2.4,1.53,2.2,1.58
88,1588231,Brazil Serie D,2022,2022-05-01 16:00:00,3,ASA,Sergipe,1,0,1,['51'],[],2.18,2.95,3.45,2.38,1.53,2.1,1.7
89,1588233,Brazil Serie D,2022,2022-05-01 16:00:00,3,Atlético Alagoinhas,Jacuipense,0,1,1,[],['54'],2.56,2.58,3.24,2.38,1.53,1.99,1.78
90,1588065,Brazil Serie D,2022,2022-05-01 18:00:00,3,Rio Branco,Humaitá,2,0,2,"['65', '77']",[],2.09,3.05,3.23,1.84,1.84,1.68,2.13
91,1588400,Brazil Serie D,2022,2022-05-02 19:00:00,3,Oeste,Cianorte,2,1,3,"['13', '29']",['45+2'],2.08,2.65,3.82,2.76,1.37,2.15,1.62
92,1588121,Brazil Serie D,2022,2022-05-02 19:00:00,3,Moto Club MA,Juventude MA,3,0,3,"['47', '51', '56']",[],1.41,4.4,4.7,1.86,1.92,1.41,2.7
93,1588119,Brazil Serie D,2022,2022-05-03 15:00:00,3,Castanhal,Fluminense PI,2,2,4,"['17', '87']","['16', '90+2']",2.61,3.37,2.45,1.77,2.05,1.8,1.9
94,1588063,Brazil Serie D,2022,2022-05-03 15:00:00,3,Trem,Amazonas,0,2,2,[],"['10', '89']",2.45,3.25,1.45,1.95,1.85,1.78,1.95
95,1588232,Brazil Serie D,2022,2022-05-04 20:00:00,3,Juazeirense,Santa Cruz,1,0,1,['90+3'],[],2.5,2.75,3.0,2.4,1.5,2.2,1.62
96,1588175,Brazil Serie D,2022,2022-05-04 20:00:00,3,Retrô,Globo,1,0,1,['40'],[],1.11,4.75,5.0,1.93,1.88,2.2,1.6
97,1588124,Brazil Serie D,2022,2022-05-06 20:00:00,4,Pacajus,Moto Club MA,0,2,2,[],"['37', '56']",1.4,3.2,2.55,1.98,1.7,1.99,1.78
98,1588234,Brazil Serie D,2022,2022-05-07 15:00:00,4,Lagarto,ASA,4,0,4,"['34', '50', '73', '83']",[],1.54,2.9,2.3,2.5,1.5,1.83,1.83
99,1588458,Brazil Serie D,2022,2022-05-07 15:00:00,4,Juventus SC,Azuriz,2,2,4,"['53', '90+5']","['20', '52']",1.76,2.88,1.95,2.7,1.44,2.1,1.64
100,1588123,Brazil Serie D,2022,2022-05-07 15:00:00,4,Tuna Luso,Fluminense PI,1,1,2,['25'],['18'],2.55,3.4,1.45,1.8,2.0,1.62,2.15
101,1588402,Brazil Serie D,2022,2022-05-07 15:00:00,4,Nova Iguaçu,Pérolas Negras,1,1,2,['86'],['52'],1.35,3.2,2.9,2.05,1.75,1.83,1.86
102,1588461,Brazil Serie D,2022,2022-05-07 15:00:00,4,Aimoré,Cascavel CR,0,1,1,[],['90+1'],1.68,2.88,2.05,2.4,1.53,1.86,1.83
103,1588125,Brazil Serie D,2022,2022-05-07 15:30:00,4,Juventude MA,Tocantinópolis,0,0,0,[],[],4.7,5.5,1.13,1.29,3.6,1.55,2.3
104,1588290,Brazil Serie D,2022,2022-05-07 15:30:00,4,Ceilândia,Acao Cuiaba,1,0,1,['81'],[],1.1,4.2,5.75,1.85,1.95,2.0,1.71
105,1588180,Brazil Serie D,2022,2022-05-07 16:00:00,4,Sousa,Crato,2,0,2,"['90+1', '90+6']",[],0.0,0.0,0.0,0.0,0.0,0.0,0.0
106,1588405,Brazil Serie D,2022,2022-05-07 16:00:00,4,São Bernardo,Oeste,3,0,3,"['43', '47', '81']",[],2.13,2.88,3.7,2.37,1.5,2.05,1.68
107,1588347,Brazil Serie D,2022,2022-05-07 16:00:00,4,Inter de Limeira,Noroeste,1,3,4,['54'],"['15', '19', '22']",1.85,3.18,4.3,2.1,1.67,1.8,1.9
108,1588291,Brazil Serie D,2022,2022-05-07 16:00:00,4,CEOV Operário,Brasiliense,0,2,2,[],"['72', '78']",4.3,3.25,1.83,2.1,1.67,1.83,1.86
109,1588067,Brazil Serie D,2022,2022-05-07 16:30:00,4,Porto Velho,Amazonas,1,3,4,['40'],"['13', '21', '90+2']",2.24,3.15,3.07,1.85,1.86,0.0,0.0
110,1588178,Brazil Serie D,2022,2022-05-07 17:00:00,4,América RN,Retrô,0,0,0,[],[],2.1,3.3,3.32,2.1,1.67,1.82,1.88
111,1588349,Brazil Serie D,2022,2022-05-07 17:30:00,4,Pouso Alegre,Caldense,1,0,1,['34'],[],1.89,3.24,4.12,2.3,1.53,2.05,1.71
112,1588460,Brazil Serie D,2022,2022-05-07 18:00:00,4,São Luiz,Caxias,1,1,2,['73'],['85'],3.13,2.92,2.4,2.37,1.5,2.05,1.66
113,1588068,Brazil Serie D,2022,2022-05-07 18:00:00,4,São Raimundo RR,Rio Branco,1,0,1,['86'],[],0.0,0.0,0.0,0.0,0.0,0.0,0.0
114,1588235,Brazil Serie D,2022,2022-05-07 19:00:00,4,CSE,Sergipe,2,2,4,"['2', '27']","['40', '81']",2.51,3.05,2.77,2.12,1.72,1.76,1.9
115,1588237,Brazil Serie D,2022,2022-05-08 15:00:00,4,Jacuipense,Juazeirense,1,2,3,['31'],"['13', '56']",1.38,3.1,2.65,2.27,1.56,2.07,1.72
116,1588459,Brazil Serie D,2022,2022-05-08 15:00:00,4,Próspera Criciuma,Marcílio Dias,0,1,1,[],['72'],2.45,3.3,1.45,2.16,1.62,2.15,1.62
117,1588346,Brazil Serie D,2022,2022-05-08 15:00:00,4,Nova Venécia,Ferroviária,2,1,3,"['41', '70']",['4'],0.0,0.0,0.0,0.0,0.0,0.0,0.0
118,1588066,Brazil Serie D,2022,2022-05-08 16:00:00,4,São Raimundo AM,Trem,3,1,4,"['41', '64', '78']",['45+1'],1.27,4.8,6.6,1.86,1.84,2.05,1.7
119,1588122,Brazil Serie D,2022,2022-05-08 16:00:00,4,4 de Julho,Castanhal,0,3,3,[],"['36', '47', '90+5']",3.45,3.05,1.87,1.98,1.7,1.8,1.9
120,1588404,Brazil Serie D,2022,2022-05-08 16:00:00,4,Cianorte,Santo André,1,1,2,['48'],['64'],1.9,2.55,4.3,2.98,1.32,2.05,1.68
121,1588292,Brazil Serie D,2022,2022-05-08 16:00:00,4,Costa Rica,Grêmio Anápolis,1,1,2,['10'],['31'],0.0,0.0,0.0,0.0,0.0,0.0,0.0
122,1588293,Brazil Serie D,2022,2022-05-08 16:00:00,4,Anápolis,Iporá,1,0,1,['80'],[],0.0,0.0,0.0,0.0,0.0,0.0,0.0
123,1588348,Brazil Serie D,2022,2022-05-08 16:00:00,4,Bahia de Feira,URT,0,1,1,[],['25'],1.3,4.6,6.2,1.8,1.91,2.15,1.62
124,1588236,Brazil Serie D,2022,2022-05-08 16:00:00,4,Santa Cruz,Atlético Alagoinhas,3,2,5,"['31', '43', '50']","['8', '25']",1.79,3.38,4.23,2.54,1.43,2.15,1.62
125,1588403,Brazil Serie D,2022,2022-05-08 16:00:00,4,Paraná,Portuguesa RJ,2,0,2,"['5', '35']",[],2.49,2.47,3.53,2.98,1.32,2.3,1.55
126,1588179,Brazil Serie D,2022,2022-05-08 16:00:00,4,Afogados,Globo,1,1,2,['44'],['53'],0.0,0.0,0.0,0.0,0.0,0.0,0.0
127,1588181,Brazil Serie D,2022,2022-05-08 17:00:00,4,Icasa,São Paulo Crystal,1,0,1,['35'],[],0.0,0.0,0.0,0.0,0.0,0.0,0.0
128,1588069,Brazil Serie D,2022,2022-05-08 18:00:00,4,Humaitá,Náutico RR,1,1,2,['69'],['45+5'],0.0,0.0,0.0,0.0,0.0,0.0,0.0
129,1588238,Brazil Serie D,2022,2022-05-11 20:15:00,5,Sergipe,Lagarto,0,0,0,[],[],1.42,2.9,2.5,2.5,1.5,2.15,1.65
130,1588464,Brazil Serie D,2022,2022-05-14 15:00:00,5,Aimoré,São Luiz,2,1,3,"['75', '81']",['37'],1.42,3.0,2.6,2.4,1.53,1.86,1.83
131,1588185,Brazil Serie D,2022,2022-05-14 15:00:00,5,São Paulo Crystal,Crato,2,0,2,"['15', '60']",[],0.0,0.0,0.0,0.0,0.0,0.0,0.0
132,1588127,Brazil Serie D,2022,2022-05-14 15:30:00,5,Castanhal,Tuna Luso,0,0,0,[],[],1.07,4.2,6.0,2.05,1.75,2.35,1.55
133,1588128,Brazil Serie D,2022,2022-05-14 15:30:00,5,Juventude MA,Pacajus,0,1,1,[],['24'],2.15,3.3,1.58,1.9,1.9,1.71,2.08
134,1588462,Brazil Serie D,2022,2022-05-14 16:00:00,5,Marcílio Dias,Juventus SC,2,1,3,"['14', '50']",['17'],1.32,2.88,2.85,3.1,1.36,2.3,1.55
135,1588465,Brazil Serie D,2022,2022-05-14 16:00:00,5,Cascavel CR,Caxias,2,0,2,"['27', '38']",[],1.54,2.75,2.35,2.76,1.37,2.1,1.66
136,1588350,Brazil Serie D,2022,2022-05-14 16:00:00,5,Noroeste,Nova Venécia,1,0,1,['6'],[],1.42,3.4,2.6,2.05,1.75,1.79,1.98
137,1588129,Brazil Serie D,2022,2022-05-14 16:00:00,5,Tocantinópolis,Moto Club MA,2,0,2,"['30', '77']",[],1.85,3.0,1.78,2.3,1.6,1.95,1.78
138,1588408,Brazil Serie D,2022,2022-05-14 16:00:00,5,São Bernardo,Cianorte,1,0,1,['2'],[],1.32,3.0,3.05,2.88,1.4,2.1,1.66
139,1588352,Brazil Serie D,2022,2022-05-14 16:30:00,5,Pouso Alegre,Bahia de Feira,0,0,0,[],[],1.38,3.1,2.75,2.4,1.53,1.9,1.76
140,1588351,Brazil Serie D,2022,2022-05-14 17:00:00,5,Ferroviária,Inter de Limeira,1,1,2,['17'],['75'],1.53,3.9,5.0,2.15,1.7,2.0,1.74
141,1588073,Brazil Serie D,2022,2022-05-14 18:00:00,5,Náutico RR,Rio Branco,1,4,5,['5'],"['36', '42', '53', '70']",6.25,4.0,1.44,1.83,1.87,0.0,0.0
142,1588407,Brazil Serie D,2022,2022-05-15 15:00:00,5,Pérolas Negras,Paraná,0,1,1,[],['56'],2.35,2.88,1.5,3.1,1.36,2.3,1.55
143,1588182,Brazil Serie D,2022,2022-05-15 15:00:00,5,Globo,América RN,0,2,2,[],"['42', '45+1']",3.9,3.5,1.18,2.1,1.7,2.1,1.68
144,1588294,Brazil Serie D,2022,2022-05-15 15:30:00,5,Brasiliense,Ceilândia,2,1,3,"['37', '61']",['90'],2.15,3.0,3.2,2.05,1.65,1.82,1.88
145,1588297,Brazil Serie D,2022,2022-05-15 15:30:00,5,Iporá,Grêmio Anápolis,0,0,0,[],[],0.0,0.0,0.0,0.0,0.0,0.0,0.0
146,1588126,Brazil Serie D,2022,2022-05-15 16:00:00,5,Fluminense PI,4 de Julho,0,0,0,[],[],1.51,3.5,6.25,1.96,1.72,2.05,1.68
147,1588353,Brazil Serie D,2022,2022-05-15 16:00:00,5,Caldense,URT,1,1,2,['30'],['85'],1.88,3.1,3.8,2.3,1.52,2.25,1.58
148,1588239,Brazil Serie D,2022,2022-05-15 16:00:00,5,ASA,CSE,2,3,5,"['12', '84']","['16', '55', '66']",2.0,3.1,3.4,1.72,1.96,1.6,2.15
149,1588295,Brazil Serie D,2022,2022-05-15 16:00:00,5,Acao Cuiaba,CEOV Operário,1,2,3,['66'],"['15', '74']",5.25,3.6,1.55,1.88,1.78,1.95,1.74
150,1588409,Brazil Serie D,2022,2022-05-15 16:00:00,5,Oeste,Santo André,2,0,2,"['45', '70']",[],2.0,2.6,4.33,2.84,1.35,2.5,1.48
151,1588240,Brazil Serie D,2022,2022-05-15 16:00:00,5,Jacuipense,Santa Cruz,2,0,2,"['53', '90+2']",[],2.6,3.0,2.5,1.98,1.7,1.75,1.95
152,1588241,Brazil Serie D,2022,2022-05-15 16:00:00,5,Juazeirense,Atlético Alagoinhas,0,2,2,[],"['75', '78']",1.85,3.0,4.1,2.28,1.53,2.0,1.71
153,1588070,Brazil Serie D,2022,2022-05-15 17:00:00,5,Amazonas,São Raimundo AM,2,2,4,"['16', '53']","['71', '77']",1.75,3.4,4.0,1.83,1.83,1.78,1.9
154,1588184,Brazil Serie D,2022,2022-05-15 17:00:00,5,Icasa,Sousa,2,2,4,"['15', '87']","['19', '85']",1.9,3.15,3.62,2.1,1.62,2.1,1.68
155,1588406,Brazil Serie D,2022,2022-05-15 17:00:00,5,Portuguesa RJ,Nova Iguaçu,1,1,2,['86'],['39'],2.45,2.5,3.25,2.57,1.42,2.31,1.58
156,1588072,Brazil Serie D,2022,2022-05-15 18:00:00,5,Humaitá,São Raimundo RR,2,1,3,"['18', '69']",['82'],0.0,0.0,0.0,0.0,0.0,0.0,0.0
157,1588183,Brazil Serie D,2022,2022-05-15 18:30:00,5,Retrô,Afogados,1,1,2,['43'],['14'],1.47,3.8,6.25,1.92,1.75,2.1,1.68
158,1588463,Brazil Serie D,2022,2022-05-16 19:00:00,5,Azuriz,Próspera Criciuma,0,0,0,[],[],1.63,3.3,4.95,2.45,1.5,2.35,1.52
159,1588296,Brazil Serie D,2022,2022-05-16 20:00:00,5,Anápolis,Costa Rica,1,0,1,['69'],[],1.95,2.9,3.8,2.57,1.42,0.0,0.0
160,1588071,Brazil Serie D,2022,2022-05-16 20:15:00,5,Trem,Porto Velho,2,2,4,"['82', '85']","['47', '50']",0.0,0.0,0.0,0.0,0.0,0.0,0.0
161,1588131,Brazil Serie D,2022,2022-05-20 20:00:00,6,Pacajus,Tuna Luso,2,0,2,"['46', '60']",[],1.21,3.4,3.95,2.15,1.61,1.95,1.76
162,1588189,Brazil Serie D,2022,2022-05-21 15:00:00,6,Crato,Globo,2,1,3,"['-1', '-1']",['-1'],0.0,0.0,0.0,0.0,0.0,0.0,0.0
163,1588242,Brazil Serie D,2022,2022-05-21 15:00:00,6,Lagarto,Juazeirense,2,0,2,"['2', '32']",[],1.6,2.75,2.2,2.7,1.44,1.95,1.76
164,1588410,Brazil Serie D,2022,2022-05-21 15:00:00,6,Nova Iguaçu,Oeste,2,1,3,"['46', '68']",['33'],1.54,3.0,2.35,2.25,1.62,1.95,1.76
165,1588466,Brazil Serie D,2022,2022-05-21 15:00:00,6,Juventus SC,Cascavel CR,1,1,2,['28'],['37'],2.3,2.8,1.5,2.7,1.44,2.3,1.57
166,1588413,Brazil Serie D,2022,2022-05-21 15:00:00,6,Santo André,Portuguesa RJ,1,0,1,['11'],[],1.46,2.8,2.55,2.88,1.4,2.25,1.55
167,1588469,Brazil Serie D,2022,2022-05-21 15:00:00,6,Caxias,Marcílio Dias,3,1,4,"['59', '67', '73']",['47'],1.23,3.25,3.75,2.6,1.48,2.4,1.5
168,1588132,Brazil Serie D,2022,2022-05-21 15:30:00,6,Castanhal,Juventude MA,0,0,0,[],[],1.22,5.6,10.75,1.66,2.1,2.0,1.72
169,1588298,Brazil Serie D,2022,2022-05-21 15:30:00,6,Ceilândia,Iporá,0,0,0,[],[],1.55,3.58,6.05,2.15,1.62,2.21,1.63
170,1588074,Brazil Serie D,2022,2022-05-21 16:00:00,6,São Raimundo AM,Náutico RR,5,1,6,"['13', '21', '24', '51', '72']",['66'],1.1,7.75,20.5,1.45,2.7,2.7,1.44
171,1588187,Brazil Serie D,2022,2022-05-21 16:00:00,6,Sousa,Afogados,3,2,5,"['-1', '-1', '-1']","['-1', '-1']",2.24,3.15,3.07,2.03,1.71,0.0,0.0
172,1588188,Brazil Serie D,2022,2022-05-21 16:00:00,6,Retrô,Icasa,3,0,3,"['45+2', '59', '90+1']",[],1.42,3.88,7.8,1.8,1.9,2.01,1.76
173,1588130,Brazil Serie D,2022,2022-05-21 16:00:00,6,4 de Julho,Tocantinópolis,2,2,4,"['-1', '-1']","['-1', '-1']",1.66,3.5,4.93,1.89,1.81,1.7,2.02
174,1588357,Brazil Serie D,2022,2022-05-21 16:00:00,6,URT,Noroeste,1,0,1,['-1'],[],3.64,3.22,1.94,1.64,2.08,0.0,0.0
175,1588186,Brazil Serie D,2022,2022-05-21 17:00:00,6,América RN,São Paulo Crystal,0,0,0,[],[],1.55,3.8,4.8,2.08,1.68,2.01,1.76
176,1588356,Brazil Serie D,2022,2022-05-21 17:00:00,6,Ferroviária,Pouso Alegre,0,1,1,[],['23'],1.44,3.6,7.5,2.43,1.5,2.3,1.52
177,1588077,Brazil Serie D,2022,2022-05-21 18:00:00,6,Rio Branco,Amazonas,2,2,4,"['55', '90+5']","['24', '86']",3.1,3.4,2.0,1.64,2.12,1.57,2.34
178,1588075,Brazil Serie D,2022,2022-05-21 18:00:00,6,São Raimundo RR,Porto Velho,2,2,4,"['20', '85']","['34', '87']",1.3,4.5,7.78,1.85,1.81,1.88,1.82
179,1588468,Brazil Serie D,2022,2022-05-22 15:00:00,6,Azuriz,Aimoré,3,0,3,"['66', '72', '90+2']",[],2.04,2.75,3.4,2.64,1.4,2.4,1.52
180,1588412,Brazil Serie D,2022,2022-05-22 15:00:00,6,Pérolas Negras,São Bernardo,0,0,0,[],[],5.0,2.95,1.63,2.35,1.5,2.2,1.6
181,1588354,Brazil Serie D,2022,2022-05-22 15:00:00,6,Nova Venécia,Caldense,3,1,4,"['56', '57', '62']",['16'],1.57,3.88,5.1,2.27,1.56,0.0,0.0
182,1588467,Brazil Serie D,2022,2022-05-22 15:30:00,6,São Luiz,Próspera Criciuma,3,2,5,"['27', '70', '74']","['12', '57']",2.12,2.92,3.49,2.8,1.36,0.0,0.0
183,1588244,Brazil Serie D,2022,2022-05-22 16:00:00,6,ASA,Jacuipense,1,1,2,['46'],['49'],3.1,2.7,2.19,2.21,1.56,1.8,1.9
184,1588245,Brazil Serie D,2022,2022-05-22 16:00:00,6,Atlético Alagoinhas,Sergipe,0,0,0,[],[],2.55,2.7,2.6,2.48,1.45,2.05,1.66
185,1588411,Brazil Serie D,2022,2022-05-22 16:00:00,6,Cianorte,Paraná,0,1,1,[],['72'],1.82,2.85,5.25,3.0,1.32,2.3,1.54
186,1588300,Brazil Serie D,2022,2022-05-22 16:00:00,6,Acao Cuiaba,Anápolis,2,3,5,"['50', '90+2']","['2', '57', '89']",5.4,3.75,1.43,2.2,1.65,2.3,1.59
187,1588355,Brazil Serie D,2022,2022-05-22 16:00:00,6,Bahia de Feira,Inter de Limeira,0,1,1,[],['85'],2.49,2.75,2.6,2.48,1.49,2.05,1.7
188,1588243,Brazil Serie D,2022,2022-05-22 16:00:00,6,Santa Cruz,CSE,2,1,3,"['72', '76']",['12'],1.88,2.95,3.6,2.05,1.75,1.78,1.93
189,1588299,Brazil Serie D,2022,2022-05-22 16:30:00,6,Costa Rica,CEOV Operário,1,0,1,['45+1'],[],2.23,2.93,3.23,2.35,1.51,0.0,0.0
190,1588133,Brazil Serie D,2022,2022-05-22 17:00:00,6,Moto Club MA,Fluminense PI,3,2,5,"['40', '90+3', '90+4']","['60', '78']",2.5,3.35,2.6,2.0,1.79,1.8,1.91
191,1588076,Brazil Serie D,2022,2022-05-23 20:15:00,6,Trem,Humaitá,2,1,3,"['85', '90+3']",['51'],1.65,3.2,2.0,1.62,2.25,1.58,2.2
192,1588301,Brazil Serie D,2022,2022-05-25 20:00:00,6,Grêmio Anápolis,Brasiliense,1,2,3,['45+1'],"['29', '63']",2.7,3.2,1.4,2.2,1.65,2.18,1.61
193,1588417,Brazil Serie D,2022,2022-05-28 15:00:00,7,Portuguesa RJ,Cianorte,0,0,0,[],[],2.55,2.4,3.27,2.98,1.32,2.5,1.5
194,1588415,Brazil Serie D,2022,2022-05-28 15:00:00,7,Paraná,Santo André,1,0,1,['68'],[],2.35,2.42,3.64,2.98,1.32,2.59,1.47
195,1588470,Brazil Serie D,2022,2022-05-28 15:00:00,7,Aimoré,Juventus SC,2,0,2,"['13', '26']",[],1.27,2.8,3.2,2.88,1.4,2.55,1.49
196,1588135,Brazil Serie D,2022,2022-05-28 15:00:00,7,Tuna Luso,Moto Club MA,0,2,2,[],"['32', '37']",2.74,2.7,2.41,1.9,1.9,1.82,1.94
197,1588305,Brazil Serie D,2022,2022-05-28 15:30:00,7,Brasiliense,Costa Rica,0,2,2,[],"['7', '47']",1.62,3.49,4.77,2.1,1.67,2.05,1.73
198,1588134,Brazil Serie D,2022,2022-05-28 15:30:00,7,Juventude MA,4 de Julho,0,0,0,[],[],3.49,3.02,1.87,1.84,1.83,1.91,1.85
199,1588414,Brazil Serie D,2022,2022-05-28 16:00:00,7,São Bernardo,Nova Iguaçu,1,0,1,['19'],[],1.84,2.64,4.33,2.84,1.35,2.63,1.46
200,1588416,Brazil Serie D,2022,2022-05-28 16:00:00,7,Oeste,Pérolas Negras,0,1,1,[],['32'],1.56,3.23,5.29,2.15,1.61,2.2,1.64
201,1588137,Brazil Serie D,2022,2022-05-28 16:00:00,7,Fluminense PI,Pacajus,1,2,3,['70'],"['19', '24']",1.68,3.4,4.44,2.2,1.6,2.1,1.7
202,1588361,Brazil Serie D,2022,2022-05-28 16:00:00,7,Noroeste,Bahia de Feira,1,1,2,['82'],['77'],1.56,3.67,5.37,2.08,1.64,0.0,0.0
203,1588360,Brazil Serie D,2022,2022-05-28 16:00:00,7,Caldense,Ferroviária,1,2,3,['39'],"['51', '68']",3.98,2.98,1.76,2.13,1.64,2.0,1.77
204,1588473,Brazil Serie D,2022,2022-05-28 16:00:00,7,Marcílio Dias,São Luiz,1,1,2,['63'],['59'],2.14,2.79,3.47,2.72,1.38,2.4,1.54
205,1588359,Brazil Serie D,2022,2022-05-28 16:00:00,7,Inter de Limeira,URT,1,0,1,['24'],[],1.56,3.5,5.27,1.67,2.1,2.14,1.68
206,1588079,Brazil Serie D,2022,2022-05-28 16:30:00,7,Porto Velho,Rio Branco,0,1,1,[],['45+4'],2.04,3.18,3.4,1.55,2.24,0.0,0.0
207,1588190,Brazil Serie D,2022,2022-05-28 17:00:00,7,Icasa,América RN,1,1,2,['41'],['71'],2.76,2.68,2.49,2.15,1.62,2.05,1.66
208,1588080,Brazil Serie D,2022,2022-05-28 18:00:00,7,Náutico RR,Trem,3,5,8,"['7', '34', '89']","['21', '68', '76', '80', '88']",3.89,3.52,1.67,1.6,2.2,1.55,2.25
209,1588248,Brazil Serie D,2022,2022-05-28 18:00:00,7,Juazeirense,ASA,0,0,0,[],[],1.84,2.92,4.36,2.3,1.53,2.1,1.68
210,1588136,Brazil Serie D,2022,2022-05-28 18:30:00,7,Tocantinópolis,Castanhal,4,1,5,"['12', '63', '72', '90+8']",['75'],4.55,3.3,1.69,1.96,1.77,1.85,1.91
211,1588247,Brazil Serie D,2022,2022-05-28 19:00:00,7,CSE,Atlético Alagoinhas,2,1,3,"['51', '54']",['29'],2.37,2.6,2.9,2.3,1.53,1.85,1.85
212,1588303,Brazil Serie D,2022,2022-05-29 12:00:00,7,CEOV Operário,Grêmio Anápolis,1,0,1,['73'],[],1.65,3.0,2.0,2.5,1.5,2.05,1.68
213,1588192,Brazil Serie D,2022,2022-05-29 15:00:00,7,São Paulo Crystal,Retrô,1,4,5,['36'],"['20', '45', '52', '54']",3.4,3.0,2.05,2.45,1.5,2.1,1.65
214,1588193,Brazil Serie D,2022,2022-05-29 15:00:00,7,Globo,Sousa,0,0,0,[],[],3.0,3.3,2.1,2.05,1.7,1.81,1.95
215,1588358,Brazil Serie D,2022,2022-05-29 15:00:00,7,Pouso Alegre,Nova Venécia,1,1,2,['34'],['83'],2.15,2.9,3.3,2.5,1.47,2.11,1.69
216,1588471,Brazil Serie D,2022,2022-05-29 15:00:00,7,Próspera Criciuma,Caxias,1,2,3,['21'],"['46', '82']",3.0,3.0,2.25,2.64,1.4,2.27,1.6
217,1588472,Brazil Serie D,2022,2022-05-29 15:30:00,7,Cascavel CR,Azuriz,0,2,2,[],"['22', '90+2']",2.05,3.0,3.4,2.61,1.41,2.3,1.54
218,1588304,Brazil Serie D,2022,2022-05-29 15:30:00,7,Iporá,Acao Cuiaba,3,0,3,"['34', '44', '69']",[],2.08,2.97,3.43,2.18,1.61,0.0,0.0
219,1588081,Brazil Serie D,2022,2022-05-29 16:00:00,7,Amazonas,São Raimundo RR,1,1,2,['48'],['90+4'],1.95,3.4,3.25,1.7,2.05,1.63,2.22
220,1588249,Brazil Serie D,2022,2022-05-29 16:00:00,7,Sergipe,Santa Cruz,1,1,2,['2'],['90+5'],2.5,2.75,2.88,2.48,1.45,2.05,1.7
221,1588246,Brazil Serie D,2022,2022-05-29 16:00:00,7,Jacuipense,Lagarto,2,2,4,"['29', '53']","['31', '35']",2.47,2.85,3.0,2.48,1.45,2.0,1.77
222,1588191,Brazil Serie D,2022,2022-05-29 16:00:00,7,Afogados,Crato,2,0,2,"['16', '24']",[],0.0,0.0,0.0,0.0,0.0,0.0,0.0
223,1588078,Brazil Serie D,2022,2022-05-29 18:00:00,7,Humaitá,São Raimundo AM,0,1,1,[],['38'],3.5,3.5,1.83,1.6,2.2,1.67,2.14
224,1588302,Brazil Serie D,2022,2022-05-30 20:00:00,7,Anápolis,Ceilândia,2,0,2,"['57', '70']",[],1.23,3.4,3.8,2.5,1.5,2.15,1.62
225,1588141,Brazil Serie D,2022,2022-06-03 20:00:00,8,Pacajus,Fluminense PI,0,0,0,[],[],1.75,3.3,1.95,2.2,1.65,1.81,1.95
226,1588418,Brazil Serie D,2022,2022-06-04 11:00:00,8,Nova Iguaçu,São Bernardo,0,0,0,[],[],3.14,2.46,2.57,2.76,1.37,2.12,1.69
227,1588250,Brazil Serie D,2022,2022-06-04 15:00:00,8,Lagarto,Jacuipense,2,1,3,"['20', '45+3']",['29'],2.1,3.0,3.3,2.4,1.5,2.05,1.7
228,1588419,Brazil Serie D,2022,2022-06-04 15:00:00,8,Santo André,Paraná,1,1,2,['7'],['53'],3.4,2.63,2.3,3.09,1.3,2.5,1.5
229,1588475,Brazil Serie D,2022,2022-06-04 15:00:00,8,Caxias,Próspera Criciuma,1,0,1,['83'],[],1.36,4.0,8.0,2.1,1.65,2.6,1.42
230,1588474,Brazil Serie D,2022,2022-06-04 15:00:00,8,Juventus SC,Aimoré,0,0,0,[],[],2.4,2.7,1.5,3.1,1.36,2.3,1.55
231,1588195,Brazil Serie D,2022,2022-06-04 15:00:00,8,Crato,Afogados,0,2,2,[],"['84', '90+3']",0.0,0.0,0.0,0.0,0.0,0.0,0.0
232,1588140,Brazil Serie D,2022,2022-06-04 15:30:00,8,Castanhal,Tocantinópolis,2,1,3,"['45+8', '89']",['87'],1.65,3.5,4.6,1.93,1.78,1.8,1.9
233,1588306,Brazil Serie D,2022,2022-06-04 15:30:00,8,Ceilândia,Anápolis,1,2,3,['88'],"['16', '45+2']",2.25,2.9,3.2,2.57,1.42,2.1,1.65
234,1588307,Brazil Serie D,2022,2022-06-04 16:00:00,8,Grêmio Anápolis,CEOV Operário,0,0,0,[],[],2.2,2.9,3.25,2.5,1.47,2.15,1.62
235,1588196,Brazil Serie D,2022,2022-06-04 16:00:00,8,Retrô,São Paulo Crystal,3,0,3,"['33', '75', '80']",[],1.25,4.8,9.5,1.7,2.05,2.2,1.62
236,1588365,Brazil Serie D,2022,2022-06-04 16:00:00,8,Bahia de Feira,Noroeste,2,2,4,"['27', '51']","['44', '47']",2.63,3.0,2.5,2.2,1.6,1.86,1.83
237,1588138,Brazil Serie D,2022,2022-06-04 16:00:00,8,4 de Julho,Juventude MA,2,2,4,"['5', '16']","['51', '79']",1.55,3.64,5.17,1.8,1.92,2.1,1.65
238,1588363,Brazil Serie D,2022,2022-06-04 16:00:00,8,URT,Inter de Limeira,2,2,4,"['22', '85']","['73', '90+6']",4.0,3.0,1.9,2.45,1.47,2.15,1.62
239,1588082,Brazil Serie D,2022,2022-06-04 16:00:00,8,São Raimundo AM,Humaitá,0,0,0,[],[],1.36,4.2,7.0,1.7,2.05,1.95,1.76
240,1588194,Brazil Serie D,2022,2022-06-04 17:00:00,8,América RN,Icasa,3,0,3,"['17', '50', '62']",[],1.29,4.5,9.0,1.83,1.87,2.2,1.58
241,1588364,Brazil Serie D,2022,2022-06-04 17:00:00,8,Ferroviária,Caldense,1,0,1,['58'],[],1.49,3.66,5.81,1.9,1.82,2.15,1.62
242,1588420,Brazil Serie D,2022,2022-06-05 15:00:00,8,Pérolas Negras,Oeste,2,2,4,"['26', '34']","['29', '90']",3.6,2.88,2.05,2.57,1.42,2.25,1.61
243,1588362,Brazil Serie D,2022,2022-06-05 15:00:00,8,Nova Venécia,Pouso Alegre,1,1,2,['73'],['13'],2.2,3.0,3.1,2.4,1.5,2.09,1.7
244,1588476,Brazil Serie D,2022,2022-06-05 15:00:00,8,Azuriz,Cascavel CR,3,2,5,"['38', '43', '77']","['49', '90+1']",2.71,2.83,2.74,2.84,1.35,2.15,1.6
245,1588477,Brazil Serie D,2022,2022-06-05 15:30:00,8,São Luiz,Marcílio Dias,1,0,1,['73'],[],2.25,2.75,3.3,2.84,1.35,2.25,1.61
246,1588421,Brazil Serie D,2022,2022-06-05 16:00:00,8,Cianorte,Portuguesa RJ,1,1,2,['45+3'],['75'],2.0,2.88,3.75,2.84,1.35,2.5,1.5
247,1588308,Brazil Serie D,2022,2022-06-05 16:00:00,8,Acao Cuiaba,Iporá,1,2,3,['58'],"['70', '80']",4.75,3.5,1.62,2.12,1.72,2.2,1.64
248,1588197,Brazil Serie D,2022,2022-06-05 16:00:00,8,Sousa,Globo,2,1,3,"['16', '54']",['12'],1.5,4.0,5.5,1.8,2.0,2.25,1.61
249,1588251,Brazil Serie D,2022,2022-06-05 16:00:00,8,Atlético Alagoinhas,CSE,2,1,3,"['15', '66']",['71'],2.38,2.7,3.1,2.3,1.55,1.9,1.76
250,1588252,Brazil Serie D,2022,2022-06-05 16:00:00,8,ASA,Juazeirense,1,0,1,['39'],[],3.0,2.8,2.38,2.48,1.48,2.05,1.73
251,1588253,Brazil Serie D,2022,2022-06-05 16:00:00,8,Santa Cruz,Sergipe,1,0,1,['43'],[],2.1,3.0,3.3,2.57,1.42,2.25,1.57
252,1588309,Brazil Serie D,2022,2022-06-05 16:30:00,8,Costa Rica,Brasiliense,0,1,1,[],['81'],3.4,3.1,2.0,2.2,1.6,0.0,0.0
253,1588139,Brazil Serie D,2022,2022-06-05 17:00:00,8,Moto Club MA,Tuna Luso,2,0,2,"['19', '90+1']",[],1.25,5.0,9.0,1.96,1.77,1.95,1.74
254,1588083,Brazil Serie D,2022,2022-06-05 18:00:00,8,Rio Branco,Porto Velho,1,0,1,['70'],[],1.75,3.4,4.0,1.75,2.08,1.7,2.1
255,1588085,Brazil Serie D,2022,2022-06-05 18:00:00,8,São Raimundo RR,Amazonas,1,2,3,['45+3'],"['21', '66']",2.84,3.1,2.42,2.05,1.7,1.71,2.0
256,1588084,Brazil Serie D,2022,2022-06-06 20:15:00,8,Trem,Náutico RR,10,2,12,"['6', '85', '23', '30', '37', '54', '56', '65', '80', '82']","['20', '90+1']",1.04,13.0,21.0,1.17,5.0,0.0,0.0
257,1588425,Brazil Serie D,2022,2022-06-11 15:00:00,9,Portuguesa RJ,Santo André,1,0,1,['30'],[],1.9,2.7,5.0,2.84,1.33,2.2,1.57
258,1588143,Brazil Serie D,2022,2022-06-11 15:00:00,9,Tuna Luso,Pacajus,1,0,1,['75'],[],3.59,2.9,2.04,1.99,1.66,1.8,1.86
259,1588201,Brazil Serie D,2022,2022-06-11 15:00:00,9,Globo,Crato,3,0,3,"['7', '76', '83']",[],0.0,0.0,0.0,0.0,0.0,0.0,0.0
260,1588198,Brazil Serie D,2022,2022-06-11 15:00:00,9,São Paulo Crystal,América RN,1,1,2,['90+5'],['31'],7.0,3.95,1.43,1.9,1.81,2.05,1.68
261,1588313,Brazil Serie D,2022,2022-06-11 15:30:00,9,Brasiliense,Grêmio Anápolis,2,0,2,"['17', '40']",[],1.64,3.15,5.34,2.3,1.55,2.3,1.52
262,1588144,Brazil Serie D,2022,2022-06-11 15:30:00,9,Juventude MA,Castanhal,1,0,1,['85'],[],4.99,3.51,1.59,1.85,1.87,1.83,1.83
263,1588257,Brazil Serie D,2022,2022-06-11 16:00:00,9,Sergipe,Atlético Alagoinhas,2,1,3,"['66', '75']",['49'],2.07,2.88,3.51,2.49,1.42,2.1,1.66
264,1588145,Brazil Serie D,2022,2022-06-11 16:00:00,9,Fluminense PI,Moto Club MA,2,3,5,"['42', '51']","['2', '40', '45']",2.26,3.12,2.85,2.1,1.66,1.87,1.83
265,1588423,Brazil Serie D,2022,2022-06-11 16:00:00,9,Paraná,Cianorte,1,2,3,['30'],"['11', '74']",2.27,2.62,3.42,3.0,1.3,2.35,1.5
266,1588424,Brazil Serie D,2022,2022-06-11 16:00:00,9,São Bernardo,Pérolas Negras,4,0,4,"['5', '27', '45', '60']",[],1.56,3.48,5.37,2.21,1.53,2.3,1.54
267,1588366,Brazil Serie D,2022,2022-06-11 16:00:00,9,Caldense,Nova Venécia,1,2,3,['25'],"['41', '52']",4.18,2.98,1.85,1.96,1.76,1.82,1.9
268,1588367,Brazil Serie D,2022,2022-06-11 16:00:00,9,Inter de Limeira,Bahia de Feira,0,1,1,[],['75'],1.88,2.96,4.06,2.28,1.57,2.0,1.74
269,1588369,Brazil Serie D,2022,2022-06-11 16:00:00,9,Noroeste,URT,0,0,0,[],[],1.16,4.03,4.75,1.72,1.99,1.8,1.86
270,1588087,Brazil Serie D,2022,2022-06-11 16:30:00,9,Porto Velho,São Raimundo RR,0,1,1,[],['3'],5.6,3.33,1.57,2.24,1.52,2.05,1.68
271,1588368,Brazil Serie D,2022,2022-06-11 17:30:00,9,Pouso Alegre,Ferroviária,0,0,0,[],[],3.8,2.91,1.97,2.62,1.38,2.25,1.58
272,1588254,Brazil Serie D,2022,2022-06-11 18:00:00,9,Juazeirense,Lagarto,1,0,1,['76'],[],2.23,2.77,3.26,2.59,1.39,2.17,1.66
273,1588086,Brazil Serie D,2022,2022-06-11 18:00:00,9,Náutico RR,São Raimundo AM,1,2,3,['78'],"['8', '20']",11.06,5.76,1.18,1.33,2.83,2.0,1.72
274,1588142,Brazil Serie D,2022,2022-06-11 18:30:00,9,Tocantinópolis,4 de Julho,0,0,0,[],[],2.42,2.94,2.77,2.12,1.65,1.85,1.85
275,1588255,Brazil Serie D,2022,2022-06-11 19:00:00,9,CSE,Santa Cruz,0,0,0,[],[],2.27,3.31,2.68,1.87,1.81,1.71,2.0
276,1588422,Brazil Serie D,2022,2022-06-11 19:00:00,9,Oeste,Nova Iguaçu,1,1,2,['49'],['90'],1.95,2.75,4.3,2.57,1.42,2.35,1.52
277,1588311,Brazil Serie D,2022,2022-06-12 12:00:00,9,CEOV Operário,Costa Rica,1,0,1,['13'],[],1.6,3.2,2.2,2.5,1.5,2.15,1.62
278,1588478,Brazil Serie D,2022,2022-06-12 15:00:00,9,Cascavel CR,Juventus SC,1,0,1,['81'],[],1.01,3.5,20.0,2.29,1.55,2.8,1.37
279,1588479,Brazil Serie D,2022,2022-06-12 15:00:00,9,Próspera Criciuma,São Luiz,2,2,4,"['39', '57']","['85', '90+2']",4.0,2.7,1.95,2.64,1.4,2.15,1.62
280,1588481,Brazil Serie D,2022,2022-06-12 15:00:00,9,Marcílio Dias,Caxias,2,1,3,"['69', '87']",['20'],2.6,2.6,2.8,2.93,1.33,2.05,1.66
281,1588480,Brazil Serie D,2022,2022-06-12 15:00:00,9,Aimoré,Azuriz,0,0,0,[],[],2.6,2.5,2.9,2.76,1.37,2.0,1.71
282,1588310,Brazil Serie D,2022,2022-06-12 15:30:00,9,Iporá,Ceilândia,2,1,3,"['82', '89']",['50'],2.2,2.75,3.2,2.23,1.55,1.95,1.75
283,1588089,Brazil Serie D,2022,2022-06-12 16:00:00,9,Amazonas,Rio Branco,3,1,4,"['11', '26', '84']",['45+3'],1.57,3.2,5.5,2.07,1.64,1.95,1.74
284,1588256,Brazil Serie D,2022,2022-06-12 16:00:00,9,Jacuipense,ASA,0,0,0,[],[],1.84,3.15,4.6,2.35,1.5,1.9,1.8
285,1588199,Brazil Serie D,2022,2022-06-12 16:00:00,9,Afogados,Sousa,0,1,1,[],['68'],2.02,3.15,3.37,1.85,1.86,0.0,0.0
286,1588200,Brazil Serie D,2022,2022-06-12 17:00:00,9,Icasa,Retrô,1,0,1,['-1'],[],5.3,3.7,1.45,1.98,1.7,2.15,1.65
287,1588088,Brazil Serie D,2022,2022-06-12 18:00:00,9,Humaitá,Trem,0,0,0,[],[],3.6,2.9,2.0,2.54,1.4,1.85,1.85
288,1588312,Brazil Serie D,2022,2022-06-13 20:00:00,9,Anápolis,Acao Cuiaba,2,0,2,"['25', '90+3']",[],1.02,9.0,8.25,1.36,3.1,2.85,1.38
289,1588261,Brazil Serie D,2022,2022-06-16 20:00:00,10,Atlético Alagoinhas,Juazeirense,1,1,2,['41'],['76'],1.7,3.0,1.95,2.7,1.44,2.2,1.6
290,1588148,Brazil Serie D,2022,2022-06-17 20:00:00,10,Pacajus,Juventude MA,0,1,1,[],['90+1'],1.27,3.4,3.4,2.2,1.65,2.03,1.75
291,1588426,Brazil Serie D,2022,2022-06-18 11:00:00,10,Nova Iguaçu,Portuguesa RJ,0,2,2,[],"['25', '45+2']",2.8,2.63,2.63,2.93,1.33,2.41,1.54
292,1588429,Brazil Serie D,2022,2022-06-18 15:00:00,10,Santo André,Oeste,2,0,2,"['32', '45+1']",[],2.78,2.78,2.72,2.93,1.33,2.37,1.55
293,1588485,Brazil Serie D,2022,2022-06-18 15:00:00,10,Caxias,Cascavel CR,0,0,0,[],[],2.38,2.88,3.2,2.76,1.37,2.15,1.62
294,1588258,Brazil Serie D,2022,2022-06-18 15:00:00,10,Lagarto,Sergipe,2,1,3,"['55', '90+2']",['45+2'],1.75,3.1,4.5,2.57,1.42,2.27,1.6
295,1588482,Brazil Serie D,2022,2022-06-18 15:00:00,10,Juventus SC,Marcílio Dias,1,0,1,['47'],[],3.09,2.82,2.54,2.89,1.34,2.37,1.56
296,1588205,Brazil Serie D,2022,2022-06-18 15:00:00,10,Crato,São Paulo Crystal,1,1,2,['77'],['49'],0.0,0.0,0.0,0.0,0.0,0.0,0.0
297,1588147,Brazil Serie D,2022,2022-06-18 15:00:00,10,Tuna Luso,Castanhal,0,3,3,[],"['5', '35', '51']",3.62,3.44,1.95,1.86,1.86,1.85,1.91
298,1588484,Brazil Serie D,2022,2022-06-18 15:30:00,10,São Luiz,Aimoré,0,1,1,[],['64'],2.2,2.75,3.4,2.61,1.41,2.25,1.61
299,1588314,Brazil Serie D,2022,2022-06-18 15:30:00,10,Ceilândia,Brasiliense,0,1,1,[],['89'],3.34,3.13,2.17,2.45,1.5,2.2,1.64
300,1588317,Brazil Serie D,2022,2022-06-18 16:00:00,10,Grêmio Anápolis,Iporá,0,0,0,[],[],2.55,2.75,2.8,2.18,1.61,1.98,1.75
301,1588427,Brazil Serie D,2022,2022-06-18 16:00:00,10,Paraná,Pérolas Negras,2,0,2,"['17', '90+6']",[],1.5,3.4,7.0,2.72,1.38,2.7,1.44
302,1588371,Brazil Serie D,2022,2022-06-18 16:00:00,10,Inter de Limeira,Ferroviária,0,1,1,[],['39'],3.25,2.88,2.2,2.5,1.47,2.2,1.64
303,1588372,Brazil Serie D,2022,2022-06-18 16:00:00,10,Bahia de Feira,Pouso Alegre,2,0,2,"['8', '34']",[],2.8,2.75,2.55,2.55,1.47,2.05,1.73
304,1588373,Brazil Serie D,2022,2022-06-18 16:00:00,10,URT,Caldense,3,2,5,"['18', '21', '86']","['9', '49']",2.55,3.2,2.45,1.9,1.81,1.7,2.1
305,1588146,Brazil Serie D,2022,2022-06-18 16:00:00,10,4 de Julho,Fluminense PI,1,2,3,['46'],"['16', '55']",3.2,3.0,2.15,1.9,1.81,1.77,1.95
306,1588091,Brazil Serie D,2022,2022-06-18 16:30:00,10,Porto Velho,Trem,1,4,5,['42'],"['13', '44', '56', '65']",3.54,3.4,1.95,1.83,1.87,1.67,2.15
307,1588202,Brazil Serie D,2022,2022-06-18 17:00:00,10,América RN,Globo,1,0,1,['82'],[],1.2,6.0,12.0,1.79,1.93,2.25,1.58
308,1588092,Brazil Serie D,2022,2022-06-18 18:00:00,10,São Raimundo RR,Humaitá,5,0,5,"['20', '29', '50', '58', '72']",[],1.44,3.8,6.5,1.83,1.87,2.1,1.67
309,1588315,Brazil Serie D,2022,2022-06-19 12:00:00,10,CEOV Operário,Acao Cuiaba,1,1,2,['57'],['50'],1.04,6.5,7.5,1.7,2.1,2.55,1.45
310,1588370,Brazil Serie D,2022,2022-06-19 15:00:00,10,Nova Venécia,Noroeste,2,1,3,"['8', '89']",['46'],1.95,3.0,3.5,2.2,1.6,2.0,1.77
311,1588204,Brazil Serie D,2022,2022-06-19 16:00:00,10,Sousa,Icasa,1,2,3,['15'],"['39', '46']",1.8,3.2,4.2,2.1,1.67,1.98,1.75
312,1588260,Brazil Serie D,2022,2022-06-19 16:00:00,10,Santa Cruz,Jacuipense,0,2,2,[],"['20', '52']",1.91,3.0,3.8,2.3,1.57,2.1,1.65
313,1588428,Brazil Serie D,2022,2022-06-19 16:00:00,10,Cianorte,São Bernardo,0,1,1,[],['18'],3.08,2.4,2.68,2.93,1.33,2.5,1.48
314,1588090,Brazil Serie D,2022,2022-06-19 16:00:00,10,São Raimundo AM,Amazonas,1,1,2,['55'],['90+5'],2.9,3.1,2.2,1.91,1.8,1.75,2.0
315,1588259,Brazil Serie D,2022,2022-06-19 16:00:00,10,CSE,ASA,0,1,1,[],['12'],1.91,3.0,3.75,2.25,1.57,1.91,1.85
316,1588203,Brazil Serie D,2022,2022-06-19 16:00:00,10,Afogados,Retrô,1,1,2,['45'],['2'],3.9,3.1,1.87,1.93,1.75,0.0,0.0
317,1588316,Brazil Serie D,2022,2022-06-19 16:30:00,10,Costa Rica,Anápolis,1,1,2,['51'],['25'],4.2,3.1,1.8,2.3,1.57,2.05,1.68
318,1588149,Brazil Serie D,2022,2022-06-19 17:00:00,10,Moto Club MA,Tocantinópolis,1,2,3,['83'],"['6', '86']",1.44,3.8,6.0,1.8,1.91,1.91,1.8
319,1588093,Brazil Serie D,2022,2022-06-19 18:00:00,10,Rio Branco,Náutico RR,5,0,5,"['10', '31', '86', '89', '90+1']",[],1.23,5.14,9.05,1.55,2.23,2.55,1.43
320,1588483,Brazil Serie D,2022,2022-06-20 15:00:00,10,Próspera Criciuma,Azuriz,1,3,4,['53'],"['28', '56', '88']",3.53,2.49,2.47,2.49,1.45,2.3,1.54
321,1588488,Brazil Serie D,2022,2022-06-25 15:00:00,11,Caxias,São Luiz,2,1,3,"['4', '79']",['58'],1.1,3.5,5.75,2.4,1.53,2.73,1.43
322,1588431,Brazil Serie D,2022,2022-06-25 15:00:00,11,Portuguesa RJ,Paraná,1,0,1,['87'],[],1.4,2.8,2.75,3.1,1.36,2.49,1.51
323,1588208,Brazil Serie D,2022,2022-06-25 15:00:00,11,Crato,Sousa,0,1,1,[],['83'],0.0,0.0,0.0,0.0,0.0,0.0,0.0
324,1588432,Brazil Serie D,2022,2022-06-25 15:00:00,11,Santo André,Cianorte,1,1,2,['45+3'],['2'],1.54,2.63,2.35,3.4,1.33,2.55,1.49
325,1588375,Brazil Serie D,2022,2022-06-25 15:00:00,11,Noroeste,Inter de Limeira,2,2,4,"['61', '88']","['78', '90']",1.71,3.0,2.05,2.4,1.53,1.95,1.76
326,1588150,Brazil Serie D,2022,2022-06-25 15:30:00,11,Castanhal,4 de Julho,0,0,0,[],[],1.6,3.4,5.0,2.04,1.7,1.99,1.78
327,1588263,Brazil Serie D,2022,2022-06-25 16:00:00,11,Sergipe,CSE,2,1,3,"['2', '15']",['45+3'],2.17,2.55,3.35,2.18,1.61,1.97,1.79
328,1588377,Brazil Serie D,2022,2022-06-25 16:00:00,11,Caldense,Pouso Alegre,0,1,1,[],['26'],3.35,2.65,2.25,2.38,1.52,2.1,1.7
329,1588153,Brazil Serie D,2022,2022-06-25 16:00:00,11,Tocantinópolis,Juventude MA,0,1,1,[],['45'],1.45,3.8,6.5,1.95,1.85,2.0,1.77
330,1588376,Brazil Serie D,2022,2022-06-25 16:00:00,11,URT,Bahia de Feira,2,5,7,"['24', '50']","['4', '68', '76', '89', '90+3']",3.3,2.9,2.1,2.35,1.53,2.1,1.7
331,1588095,Brazil Serie D,2022,2022-06-25 16:00:00,11,Amazonas,Porto Velho,1,2,3,['32'],"['53', '83']",1.29,5.0,9.4,1.71,1.9,1.85,1.91
332,1588489,Brazil Serie D,2022,2022-06-25 16:00:00,11,Cascavel CR,Aimoré,0,1,1,[],['19'],1.82,3.0,4.84,2.1,1.62,2.1,1.7
333,1588320,Brazil Serie D,2022,2022-06-25 16:00:00,11,Grêmio Anápolis,Costa Rica,1,2,3,['83'],"['50', '85']",2.25,2.5,3.6,2.38,1.53,2.1,1.66
334,1588374,Brazil Serie D,2022,2022-06-25 17:00:00,11,Ferroviária,Nova Venécia,0,0,0,[],[],1.69,3.5,4.94,1.89,1.72,2.1,1.7
335,1588265,Brazil Serie D,2022,2022-06-25 18:00:00,11,Juazeirense,Jacuipense,0,2,2,[],"['20', '60']",2.45,2.75,2.87,2.64,1.4,2.19,1.64
336,1588097,Brazil Serie D,2022,2022-06-25 18:00:00,11,Náutico RR,Humaitá,4,2,6,"['3', '55', '58', '70']","['84', '85']",5.2,3.8,1.57,1.61,2.15,1.1,5.5
337,1588207,Brazil Serie D,2022,2022-06-26 15:00:00,11,Globo,Afogados,2,0,2,"['62', '90+2']",[],2.9,3.4,1.32,1.85,1.95,1.91,1.85
338,1588487,Brazil Serie D,2022,2022-06-26 15:00:00,11,Marcílio Dias,Próspera Criciuma,2,0,2,"['50', '85']",[],1.07,3.8,6.75,2.35,1.57,2.73,1.43
339,1588486,Brazil Serie D,2022,2022-06-26 15:00:00,11,Azuriz,Juventus SC,0,2,2,[],"['67', '80']",1.08,3.9,5.75,2.5,1.5,3.0,1.37
340,1588430,Brazil Serie D,2022,2022-06-26 15:00:00,11,Pérolas Negras,Nova Iguaçu,0,1,1,[],['67'],1.8,2.75,1.95,2.88,1.4,2.31,1.58
341,1588319,Brazil Serie D,2022,2022-06-26 15:30:00,11,Brasiliense,CEOV Operário,2,1,3,"['40', '77']",['26'],1.58,3.41,6.17,2.19,1.54,2.3,1.59
342,1588321,Brazil Serie D,2022,2022-06-26 15:30:00,11,Iporá,Anápolis,1,1,2,['81'],['29'],2.63,2.62,3.05,2.46,1.48,2.05,1.73
343,1588433,Brazil Serie D,2022,2022-06-26 16:00:00,11,Oeste,São Bernardo,0,0,0,[],[],2.67,2.66,2.96,3.13,1.27,2.35,1.55
344,1588262,Brazil Serie D,2022,2022-06-26 16:00:00,11,ASA,Lagarto,1,1,2,['36'],['24'],3.08,2.89,2.38,2.43,1.5,2.0,1.72
345,1588151,Brazil Serie D,2022,2022-06-26 16:00:00,11,Fluminense PI,Tuna Luso,0,0,0,[],[],1.53,3.85,5.7,1.79,1.92,1.88,1.88
346,1588206,Brazil Serie D,2022,2022-06-26 16:00:00,11,Retrô,América RN,1,0,1,['31'],[],2.2,3.06,3.26,2.28,1.5,1.95,1.8
347,1588318,Brazil Serie D,2022,2022-06-26 16:00:00,11,Acao Cuiaba,Ceilândia,2,1,3,"['15', '37']",['48'],7.05,3.73,1.47,2.03,1.7,2.05,1.73
348,1588152,Brazil Serie D,2022,2022-06-26 17:00:00,11,Moto Club MA,Pacajus,1,1,2,['87'],['13'],1.88,3.1,4.25,2.15,1.63,1.95,1.81
349,1588096,Brazil Serie D,2022,2022-06-26 19:00:00,11,Rio Branco,São Raimundo RR,0,0,0,[],[],2.27,2.93,3.25,2.04,1.69,1.68,2.05
350,1588094,Brazil Serie D,2022,2022-06-27 20:15:00,11,Trem,São Raimundo AM,0,0,0,[],[],1.71,3.2,2.0,1.8,2.0,1.62,2.2
351,1588264,Brazil Serie D,2022,2022-06-27 20:30:00,11,Atlético Alagoinhas,Santa Cruz,1,4,5,['12'],"['44', '45+1', '59', '90+2']",1.83,2.8,1.83,2.6,1.48,2.1,1.66
352,1588156,Brazil Serie D,2022,2022-07-01 20:00:00,12,Pacajus,Tocantinópolis,2,3,5,"['24', '63']","['2', '56', '90+4']",1.5,3.1,2.4,2.15,1.67,1.86,1.9
353,1588154,Brazil Serie D,2022,2022-07-02 15:00:00,12,Tuna Luso,4 de Julho,2,1,3,"['45+2', '90']",['26'],2.2,2.75,1.55,2.2,1.65,1.9,1.8
354,1588379,Brazil Serie D,2022,2022-07-02 15:00:00,12,Noroeste,Ferroviária,3,0,3,"['7', '40', '47']",[],2.5,2.93,1.45,2.2,1.6,1.9,1.8
355,1588211,Brazil Serie D,2022,2022-07-02 15:00:00,12,Globo,Retrô,1,2,3,['61'],"['45+4', '82']",3.8,3.3,1.19,2.05,1.75,2.15,1.65
356,1588157,Brazil Serie D,2022,2022-07-02 15:30:00,12,Juventude MA,Moto Club MA,0,1,1,[],['90+1'],2.55,3.25,1.42,2.25,1.62,2.0,1.78
357,1588323,Brazil Serie D,2022,2022-07-02 15:30:00,12,Brasiliense,Acao Cuiaba,2,1,3,"['49', '82']",['77'],1.02,7.5,8.75,1.44,2.7,2.5,1.48
358,1588492,Brazil Serie D,2022,2022-07-02 15:30:00,12,São Luiz,Cascavel CR,0,0,0,[],[],2.2,2.8,1.6,2.6,1.48,2.25,1.61
359,1588434,Brazil Serie D,2022,2022-07-02 16:00:00,12,Paraná,Nova Iguaçu,2,1,3,"['48', '81']",['45+3'],1.67,3.0,5.5,2.86,1.32,2.8,1.38
360,1588155,Brazil Serie D,2022,2022-07-02 16:00:00,12,Fluminense PI,Castanhal,3,1,4,"['7', '45', '50']",['16'],2.1,3.1,3.2,1.97,1.67,1.85,1.91
361,1588437,Brazil Serie D,2022,2022-07-02 16:00:00,12,São Bernardo,Santo André,1,0,1,['15'],[],1.67,2.88,6.0,2.89,1.32,2.6,1.45
362,1588380,Brazil Serie D,2022,2022-07-02 16:00:00,12,Bahia de Feira,Caldense,1,0,1,['42'],[],1.75,3.25,4.2,2.15,1.56,2.1,1.62
363,1588378,Brazil Serie D,2022,2022-07-02 16:00:00,12,Inter de Limeira,Nova Venécia,2,1,3,"['30', '81']",['51'],2.3,2.75,3.2,2.24,1.52,1.95,1.75
364,1588098,Brazil Serie D,2022,2022-07-02 16:30:00,12,Porto Velho,São Raimundo AM,1,1,2,['62'],['71'],4.5,3.2,1.73,2.03,1.63,1.71,2.0
365,1588100,Brazil Serie D,2022,2022-07-02 18:00:00,12,São Raimundo RR,Náutico RR,2,1,3,"['30', '45+3']",['90+3'],1.03,13.0,63.0,1.18,3.98,2.75,1.38
366,1588266,Brazil Serie D,2022,2022-07-02 19:00:00,12,CSE,Lagarto,0,1,1,[],['52'],2.63,2.88,2.6,1.93,1.88,1.75,2.03
367,1588322,Brazil Serie D,2022,2022-07-03 12:00:00,12,CEOV Operário,Ceilândia,1,2,3,['37'],"['15', '57']",1.62,3.0,2.2,2.25,1.62,1.91,1.8
368,1588435,Brazil Serie D,2022,2022-07-03 15:00:00,12,Portuguesa RJ,Pérolas Negras,2,1,3,"['68', '90+3']",['55'],1.02,5.0,15.0,2.15,1.67,6.75,1.1
369,1588491,Brazil Serie D,2022,2022-07-03 15:00:00,12,Marcílio Dias,Azuriz,0,1,1,[],['53'],1.57,2.7,2.25,2.7,1.44,2.37,1.56
370,1588493,Brazil Serie D,2022,2022-07-03 15:00:00,12,Aimoré,Caxias,1,1,2,['25'],['45'],1.75,2.5,1.96,3.1,1.36,2.38,1.55
371,1588381,Brazil Serie D,2022,2022-07-03 15:30:00,12,Pouso Alegre,URT,2,0,2,"['10', '14']",[],1.44,3.5,7.75,2.48,1.45,2.65,1.42
372,1588267,Brazil Serie D,2022,2022-07-03 16:00:00,12,Sergipe,ASA,2,0,2,"['45', '60']",[],2.1,2.65,3.9,2.55,1.4,2.1,1.66
373,1588099,Brazil Serie D,2022,2022-07-03 16:00:00,12,Amazonas,Trem,4,1,5,"['40', '46', '58', '70']",['7'],1.52,3.9,5.0,1.67,1.98,1.54,2.3
374,1588210,Brazil Serie D,2022,2022-07-03 16:00:00,12,Afogados,América RN,0,0,0,[],[],3.4,2.85,2.15,2.09,1.63,1.71,2.05
375,1588268,Brazil Serie D,2022,2022-07-03 16:00:00,12,Santa Cruz,Juazeirense,1,0,1,['48'],[],2.05,2.9,3.5,2.54,1.41,2.25,1.58
376,1588269,Brazil Serie D,2022,2022-07-03 16:00:00,12,Jacuipense,Atlético Alagoinhas,1,1,2,['77'],['88'],2.35,2.8,3.0,2.25,1.57,1.83,1.86
377,1588212,Brazil Serie D,2022,2022-07-03 16:00:00,12,Sousa,São Paulo Crystal,1,0,1,['12'],[],1.55,3.7,5.25,1.93,1.74,1.95,1.76
378,1588325,Brazil Serie D,2022,2022-07-03 16:00:00,12,Anápolis,Grêmio Anápolis,0,1,1,[],['53'],1.38,3.9,8.25,2.4,1.5,2.7,1.4
379,1588436,Brazil Serie D,2022,2022-07-03 16:00:00,12,Cianorte,Oeste,1,2,3,['83'],"['10', '54']",2.6,2.6,2.85,2.98,1.32,2.25,1.57
380,1588324,Brazil Serie D,2022,2022-07-03 16:30:00,12,Costa Rica,Iporá,1,0,1,['30'],[],2.65,2.6,2.85,2.48,1.45,2.05,1.68
381,1588213,Brazil Serie D,2022,2022-07-03 17:00:00,12,Icasa,Crato,3,0,3,"['6', '27', '90+2']",[],0.0,0.0,0.0,0.0,0.0,0.0,0.0
382,1588101,Brazil Serie D,2022,2022-07-03 19:00:00,12,Humaitá,Rio Branco,1,2,3,['43'],"['60', '84']",7.5,4.4,1.34,1.91,1.8,1.86,1.8
383,1588490,Brazil Serie D,2022,2022-07-04 15:00:00,12,Próspera Criciuma,Juventus SC,1,1,2,['11'],['5'],2.3,2.75,1.5,3.1,1.36,2.19,1.64
384,1588209,Brazil Serie D,2022,2022-07-06 16:00:00,11,São Paulo Crystal,Icasa,1,1,2,['10'],['70'],4.2,3.1,1.8,2.28,1.57,1.95,1.76
385,1588438,Brazil Serie D,2022,2022-07-09 11:00:00,13,Nova Iguaçu,Santo André,2,1,3,"['16', '49']",['5'],2.4,2.55,3.2,3.05,1.29,2.4,1.54
386,1588494,Brazil Serie D,2022,2022-07-09 15:00:00,13,Juventus SC,Caxias,0,3,3,[],"['3', '72', '85']",2.6,2.7,1.44,3.1,1.36,2.3,1.55
387,1588217,Brazil Serie D,2022,2022-07-09 15:00:00,13,São Paulo Crystal,Globo,2,3,5,"['23', '90+2']","['11', '30', '65']",1.25,3.5,3.6,2.1,1.7,2.0,1.73
388,1588159,Brazil Serie D,2022,2022-07-09 15:30:00,13,Juventude MA,Tuna Luso,2,2,4,"['28', '38']","['77', '90']",1.27,3.4,3.25,2.0,1.8,1.95,1.78
389,1588326,Brazil Serie D,2022,2022-07-09 15:30:00,13,Ceilândia,Grêmio Anápolis,1,0,1,['88'],[],1.45,2.9,2.45,2.88,1.4,2.38,1.55
390,1588439,Brazil Serie D,2022,2022-07-09 16:00:00,13,São Bernardo,Paraná,1,1,2,['31'],['19'],1.43,2.9,2.63,2.88,1.4,2.3,1.55
391,1588385,Brazil Serie D,2022,2022-07-09 16:00:00,13,Caldense,Noroeste,0,1,1,[],['8'],3.8,3.6,1.22,2.25,1.62,2.2,1.62
392,1588158,Brazil Serie D,2022,2022-07-09 16:00:00,13,4 de Julho,Moto Club MA,2,1,3,"['27', '62']",['52'],2.2,2.8,1.62,2.2,1.65,1.92,1.84
393,1588216,Brazil Serie D,2022,2022-07-09 16:00:00,13,Retrô,Sousa,1,0,1,['28'],[],1.33,3.25,3.0,2.1,1.7,2.0,1.73
394,1588161,Brazil Serie D,2022,2022-07-09 16:00:00,13,Tocantinópolis,Fluminense PI,2,1,3,"['43', '48']",['61'],3.0,3.0,2.25,2.1,1.67,1.8,1.91
395,1588497,Brazil Serie D,2022,2022-07-09 16:00:00,13,Cascavel CR,Marcílio Dias,3,0,3,"['37', '51', '72']",[],1.6,3.0,2.2,2.4,1.53,2.1,1.65
396,1588215,Brazil Serie D,2022,2022-07-09 17:00:00,13,Icasa,Afogados,2,5,7,"['89', '90+3']","['20', '24', '25', '81', '88']",2.4,2.9,2.8,2.25,1.57,1.85,1.85
397,1588270,Brazil Serie D,2022,2022-07-09 17:00:00,13,Lagarto,Atlético Alagoinhas,4,1,5,"['20', '67', '73', '85']",['41'],1.91,2.9,4.0,2.46,1.43,2.2,1.64
398,1588384,Brazil Serie D,2022,2022-07-09 17:00:00,13,Ferroviária,Bahia de Feira,0,2,2,[],"['61', '88']",1.6,3.1,6.0,1.93,1.75,2.86,1.4
399,1588273,Brazil Serie D,2022,2022-07-09 18:00:00,13,Juazeirense,Sergipe,1,0,1,['15'],[],5.0,3.1,1.66,2.96,1.3,2.55,1.45
400,1588105,Brazil Serie D,2022,2022-07-09 18:00:00,13,Náutico RR,Amazonas,0,6,6,[],"['7', '9', '25', '71', '77', '85']",21.0,8.0,1.11,1.27,3.27,1.98,1.79
401,1588382,Brazil Serie D,2022,2022-07-10 11:00:00,13,Nova Venécia,URT,1,1,2,['90+1'],['34'],1.48,3.75,5.63,1.86,1.8,2.3,1.59
402,1588496,Brazil Serie D,2022,2022-07-10 15:00:00,13,Azuriz,São Luiz,1,2,3,['90+4'],"['9', '53']",1.83,3.1,3.9,2.93,1.33,2.18,1.65
403,1588440,Brazil Serie D,2022,2022-07-10 15:00:00,13,Pérolas Negras,Cianorte,0,2,2,[],"['16', '70']",2.7,2.55,1.4,3.4,1.33,2.62,1.46
404,1588495,Brazil Serie D,2022,2022-07-10 15:00:00,13,Aimoré,Próspera Criciuma,1,0,1,['41'],[],1.15,4.0,4.9,2.2,1.65,2.4,1.54
405,1588329,Brazil Serie D,2022,2022-07-10 15:30:00,13,Iporá,Brasiliense,1,1,2,['82'],['71'],3.15,2.9,2.39,2.47,1.48,2.1,1.65
406,1588160,Brazil Serie D,2022,2022-07-10 15:30:00,13,Castanhal,Pacajus,1,1,2,['15'],['90+3'],1.74,3.5,4.5,2.03,1.71,2.0,1.72
407,1588272,Brazil Serie D,2022,2022-07-10 16:00:00,13,ASA,Santa Cruz,2,0,2,"['28', '90']",[],3.65,2.7,2.28,2.42,1.47,2.1,1.66
408,1588271,Brazil Serie D,2022,2022-07-10 16:00:00,13,Jacuipense,CSE,2,1,3,"['5', '90+6']",['18'],1.75,3.25,5.0,2.19,1.6,2.25,1.58
409,1588102,Brazil Serie D,2022,2022-07-10 16:00:00,13,São Raimundo AM,Rio Branco,1,0,1,['85'],[],2.3,3.1,3.15,1.95,1.83,1.82,1.9
410,1588327,Brazil Serie D,2022,2022-07-10 16:00:00,13,Anápolis,CEOV Operário,0,1,1,[],['35'],1.44,3.6,9.2,2.25,1.57,2.3,1.54
411,1588328,Brazil Serie D,2022,2022-07-10 16:00:00,13,Acao Cuiaba,Costa Rica,2,2,4,"['70', '90+3']","['31', '33']",6.4,3.55,1.56,2.09,1.66,2.1,1.65
412,1588441,Brazil Serie D,2022,2022-07-10 16:00:00,13,Oeste,Portuguesa RJ,2,1,3,"['19', '25']",['14'],2.48,2.49,3.6,2.93,1.33,1.95,1.78
413,1588383,Brazil Serie D,2022,2022-07-10 17:00:00,13,Pouso Alegre,Inter de Limeira,2,1,3,"['15', '79']",['19'],2.15,2.75,3.95,2.53,1.41,1.85,1.91
414,1588214,Brazil Serie D,2022,2022-07-10 19:00:00,13,América RN,Crato,8,1,9,"['21', '34', '42', '45+1', '56', '61', '72', '75']",['70'],0.0,0.0,0.0,0.0,0.0,0.0,0.0
415,1588103,Brazil Serie D,2022,2022-07-10 19:00:00,13,Humaitá,Porto Velho,2,4,6,"['26', '69']","['23', '23', '80', '90+4']",6.75,3.9,1.42,1.81,1.81,1.91,1.85
416,1588104,Brazil Serie D,2022,2022-07-11 20:15:00,13,Trem,São Raimundo RR,1,2,3,['21'],"['34', '90+4']",1.45,3.09,2.6,1.78,1.92,1.6,2.15
417,1588219,Brazil Serie D,2022,2022-07-16 15:00:00,14,Afogados,São Paulo Crystal,7,0,7,"['3', '20', '51', '64', '81', '82', '84']",[],1.06,5.0,6.5,1.83,1.87,2.2,1.64
418,1588499,Brazil Serie D,2022,2022-07-16 15:00:00,14,Próspera Criciuma,Cascavel CR,1,2,3,['20'],"['69', '83']",4.2,3.6,1.16,1.85,1.95,2.05,1.68
419,1588218,Brazil Serie D,2022,2022-07-16 15:00:00,14,Sousa,América RN,1,2,3,['18'],"['50', '56']",1.91,3.0,1.8,2.3,1.6,1.91,1.8
420,1588221,Brazil Serie D,2022,2022-07-16 15:00:00,14,Globo,Icasa,1,1,2,['90+1'],['24'],3.2,3.8,1.3,2.05,1.75,1.91,1.8
421,1588500,Brazil Serie D,2022,2022-07-16 15:00:00,14,Caxias,Azuriz,1,0,1,['20'],[],1.6,2.75,2.1,2.7,1.44,2.25,1.58
422,1588501,Brazil Serie D,2022,2022-07-16 15:00:00,14,Marcílio Dias,Aimoré,2,3,5,"['30', '74']","['78', '80', '90+6']",2.0,2.8,1.73,2.88,1.4,2.25,1.57
423,1588498,Brazil Serie D,2022,2022-07-16 15:00:00,14,São Luiz,Juventus SC,2,2,4,"['28', '60']","['35', '90+4']",1.25,2.75,3.3,2.88,1.4,2.45,1.5
424,1588220,Brazil Serie D,2022,2022-07-16 15:00:00,14,Crato,Retrô,1,5,6,['45+2'],"['4', '9', '58', '75', '84']",0.0,0.0,0.0,0.0,0.0,0.0,0.0
425,1588276,Brazil Serie D,2022,2022-07-16 16:00:00,14,Atlético Alagoinhas,ASA,0,3,3,[],"['59', '63', '81']",1.68,2.7,1.95,2.57,1.4,2.15,1.62
426,1588387,Brazil Serie D,2022,2022-07-16 16:00:00,14,Inter de Limeira,Caldense,0,1,1,[],['90+1'],1.15,3.6,4.75,2.08,1.73,2.1,1.7
427,1588275,Brazil Serie D,2022,2022-07-16 16:00:00,14,CSE,Juazeirense,1,0,1,['90+6'],[],2.9,3.25,1.32,2.15,1.67,2.0,1.72
428,1588274,Brazil Serie D,2022,2022-07-16 16:00:00,14,Santa Cruz,Lagarto,1,1,2,['45+1'],['8'],1.25,3.1,3.6,2.6,1.48,2.4,1.5
429,1588386,Brazil Serie D,2022,2022-07-16 16:00:00,14,Bahia de Feira,Nova Venécia,1,1,2,['26'],['76'],1.65,2.8,2.0,2.3,1.53,1.95,1.75
430,1588388,Brazil Serie D,2022,2022-07-16 16:00:00,14,URT,Ferroviária,2,0,2,"['80', '85']",[],5.5,4.04,1.09,1.99,1.75,2.4,1.52
431,1588389,Brazil Serie D,2022,2022-07-16 16:00:00,14,Noroeste,Pouso Alegre,0,0,0,[],[],1.58,2.75,2.15,2.36,1.47,2.0,1.72
432,1588277,Brazil Serie D,2022,2022-07-16 16:00:00,14,Sergipe,Jacuipense,2,0,2,"['13', '42']",[],1.88,3.0,1.75,2.5,1.5,2.05,1.73
433,1588107,Brazil Serie D,2022,2022-07-16 17:00:00,14,Porto Velho,Náutico RR,8,0,8,"['-1', '-1', '-1', '-1', '-1', '-1', '-1', '-1']",[],1.04,10.92,14.52,1.09,5.35,0.0,0.0
434,1588162,Brazil Serie D,2022,2022-07-17 15:00:00,14,Pacajus,4 de Julho,3,1,4,"['22', '62', '69']",['84'],1.05,4.5,8.0,2.1,1.7,2.8,1.39
435,1588163,Brazil Serie D,2022,2022-07-17 15:00:00,14,Tuna Luso,Tocantinópolis,5,3,8,"['39', '54', '60', '90+3', '90+6']","['16', '81', '86']",2.4,3.3,1.5,1.8,2.0,1.75,1.95
436,1588164,Brazil Serie D,2022,2022-07-17 15:00:00,14,Moto Club MA,Castanhal,2,0,2,"['5', '90+4']",[],2.9,3.25,1.36,2.15,1.67,2.1,1.65
437,1588165,Brazil Serie D,2022,2022-07-17 15:00:00,14,Fluminense PI,Juventude MA,1,2,3,['80'],"['45+6', '82']",1.18,3.5,4.25,2.05,1.75,2.15,1.62
438,1588443,Brazil Serie D,2022,2022-07-17 15:00:00,14,Paraná,Oeste,0,1,1,[],['90'],2.15,2.7,1.64,3.1,1.36,2.5,1.47
439,1588444,Brazil Serie D,2022,2022-07-17 15:00:00,14,Santo André,Pérolas Negras,3,0,3,"['25', '27', '70']",[],1.29,3.25,3.25,2.7,1.44,2.37,1.51
440,1588445,Brazil Serie D,2022,2022-07-17 15:00:00,14,Portuguesa RJ,São Bernardo,2,0,2,"['9', '63']",[],1.2,2.9,4.05,2.88,1.4,2.6,1.44
441,1588442,Brazil Serie D,2022,2022-07-17 15:00:00,14,Cianorte,Nova Iguaçu,0,1,1,[],['75'],1.47,2.8,2.5,2.5,1.5,2.25,1.58
442,1588109,Brazil Serie D,2022,2022-07-17 16:00:00,14,Amazonas,Humaitá,6,0,6,"['16', '29', '37', '54', '74', '81']",[],1.01,17.0,24.0,1.1,7.0,2.49,1.51
443,1588330,Brazil Serie D,2022,2022-07-17 16:00:00,14,Costa Rica,Ceilândia,0,3,3,[],"['4', '70', '90+5']",1.71,2.88,2.0,2.56,1.4,2.1,1.7
444,1588331,Brazil Serie D,2022,2022-07-17 16:00:00,14,CEOV Operário,Iporá,1,0,1,['53'],[],1.2,3.6,4.0,2.4,1.53,2.3,1.59
445,1588333,Brazil Serie D,2022,2022-07-17 16:00:00,14,Brasiliense,Anápolis,1,1,2,['90+4'],['4'],1.45,2.9,2.4,2.4,1.53,2.1,1.65
446,1588332,Brazil Serie D,2022,2022-07-17 16:00:00,14,Grêmio Anápolis,Acao Cuiaba,4,1,5,"['22', '49', '88', '90+3']",['23'],1.09,4.33,6.0,1.95,1.75,2.3,1.59
447,1588108,Brazil Serie D,2022,2022-07-17 17:00:00,14,Rio Branco,Trem,3,0,3,"['19', '49', '65']",[],1.12,4.75,4.75,1.44,2.7,1.72,2.0
448,1588106,Brazil Serie D,2022,2022-07-17 17:00:00,14,São Raimundo RR,São Raimundo AM,1,1,2,['88'],['38'],2.27,2.9,2.7,1.94,1.83,1.75,2.0
449,3002971,Brazil Serie D,2022,2022-07-23 15:00:00,0,Noroeste,Anápolis,5,2,7,"['39', '43', '54', '78', '82']","['50', '89']",2.05,3.0,3.4,2.5,1.5,2.05,1.66
450,3002953,Brazil Serie D,2022,2022-07-23 15:00:00,0,Portuguesa RJ,Aimoré,0,1,1,[],['9'],2.0,3.0,3.5,2.88,1.4,2.4,1.48
451,3002975,Brazil Serie D,2022,2022-07-23 15:30:00,0,Juventude MA,Amazonas,0,0,0,[],[],3.6,3.5,1.8,1.85,1.95,1.68,2.05
452,3002957,Brazil Serie D,2022,2022-07-23 15:30:00,0,Cascavel CR,Paraná,0,0,0,[],[],2.0,3.1,3.4,3.1,1.36,2.5,1.5
453,3002959,Brazil Serie D,2022,2022-07-23 16:00:00,0,São Raimundo AM,Tocantinópolis,2,2,4,"['19', '54']","['45+3', '59']",2.88,3.8,2.0,1.65,2.2,0.0,0.0
454,3002965,Brazil Serie D,2022,2022-07-23 16:00:00,0,Afogados,ASA,1,2,3,['43'],"['25', '33']",2.3,3.0,2.88,2.3,1.6,1.98,1.78
455,3002979,Brazil Serie D,2022,2022-07-23 17:00:00,0,São Raimundo RR,Moto Club MA,0,0,0,[],[],2.64,2.53,2.93,1.93,1.71,1.64,2.1
456,3002969,Brazil Serie D,2022,2022-07-23 19:00:00,0,Azuriz,São Bernardo,1,1,2,['20'],['81'],2.25,2.8,3.2,3.1,1.36,2.3,1.54
457,3002955,Brazil Serie D,2022,2022-07-24 12:00:00,0,CEOV Operário,Pouso Alegre,0,0,0,[],[],3.2,2.8,2.25,2.88,1.4,2.48,1.51
458,3002951,Brazil Serie D,2022,2022-07-24 15:00:00,0,Nova Venécia,Brasiliense,3,1,4,"['7', '26', '80']",['13'],2.63,3.0,2.5,2.5,1.5,1.95,1.75
459,3002961,Brazil Serie D,2022,2022-07-24 16:00:00,0,Santa Cruz,Retrô,0,0,0,[],[],2.4,2.7,3.0,2.7,1.44,2.0,1.71
460,3002981,Brazil Serie D,2022,2022-07-24 16:00:00,0,Jacuipense,América RN,0,1,1,[],['12'],2.38,2.88,2.88,2.4,1.53,1.95,1.74
461,3002963,Brazil Serie D,2022,2022-07-24 16:00:00,0,Pacajus,Rio Branco,1,1,2,['11'],['68'],1.8,3.2,4.0,2.2,1.65,1.71,2.0
462,3002977,Brazil Serie D,2022,2022-07-24 16:00:00,0,Sousa,Lagarto,0,1,1,[],['56'],2.3,2.88,3.0,2.4,1.53,1.9,1.8
463,3002973,Brazil Serie D,2022,2022-07-24 16:00:00,0,Oeste,Caxias,1,1,2,['10'],['90+6'],2.38,2.7,3.2,2.88,1.4,2.25,1.57
464,3002967,Brazil Serie D,2022,2022-07-24 16:30:00,0,Costa Rica,Bahia de Feira,0,0,0,[],[],2.88,2.75,2.5,2.38,1.46,0.0,0.0
465,3002972,Brazil Serie D,2022,2022-07-30 15:00:00,0,Caxias,Oeste,1,1,2,['39'],['90+2'],1.83,3.0,4.2,2.4,1.53,2.2,1.6
466,3002952,Brazil Serie D,2022,2022-07-30 15:00:00,0,Aimoré,Portuguesa RJ,0,1,1,[],['47'],2.7,2.7,2.75,2.88,1.4,2.35,1.52
467,3002956,Brazil Serie D,2022,2022-07-30 16:00:00,0,Paraná,Cascavel CR,0,0,0,[],[],1.91,3.0,4.0,2.4,1.53,2.15,1.62
468,3002958,Brazil Serie D,2022,2022-07-30 16:00:00,0,Tocantinópolis,São Raimundo AM,4,1,5,"['29', '53', '55', '71']",['61'],1.4,5.0,5.0,1.57,2.35,1.77,1.88
469,3002966,Brazil Serie D,2022,2022-07-30 16:00:00,0,Bahia de Feira,Costa Rica,2,1,3,"['27', '37']",['90+3'],1.91,2.9,4.2,2.5,1.5,1.95,1.74
470,3002968,Brazil Serie D,2022,2022-07-30 16:00:00,0,São Bernardo,Azuriz,2,0,2,"['40', '60']",[],1.83,2.8,4.75,3.1,1.36,2.65,1.42
471,3002954,Brazil Serie D,2022,2022-07-30 17:00:00,0,Pouso Alegre,CEOV Operário,2,0,2,"['14', '37']",[],1.44,3.6,7.0,2.5,1.5,2.9,1.35
472,3002976,Brazil Serie D,2022,2022-07-31 15:00:00,0,Lagarto,Sousa,2,1,3,"['8', '56']",['18'],2.1,2.88,3.4,2.5,1.5,2.0,1.72
473,3002950,Brazil Serie D,2022,2022-07-31 15:30:00,0,Brasiliense,Nova Venécia,1,1,2,['57'],['81'],1.75,3.2,4.33,2.3,1.6,2.05,1.68
474,3002970,Brazil Serie D,2022,2022-07-31 16:00:00,0,Anápolis,Noroeste,3,0,3,"['11', '45', '82']",[],1.67,3.6,4.5,2.1,1.7,2.22,1.63
475,3002980,Brazil Serie D,2022,2022-07-31 16:00:00,0,América RN,Jacuipense,0,0,0,[],[],1.65,3.3,5.0,2.35,1.57,2.0,1.77
476,3002974,Brazil Serie D,2022,2022-07-31 16:00:00,0,Amazonas,Juventude MA,2,1,3,"['13', '90+6']",['23'],1.44,3.8,6.0,1.85,1.95,2.1,1.7
477,3002964,Brazil Serie D,2022,2022-07-31 16:00:00,0,ASA,Afogados,2,0,2,"['62', '90+5']",[],1.83,3.25,3.8,2.25,1.62,2.0,1.77
478,3002978,Brazil Serie D,2022,2022-07-31 17:00:00,0,Moto Club MA,São Raimundo RR,1,1,2,['7'],['42'],1.53,3.6,5.5,2.0,1.8,1.95,1.74
479,3002962,Brazil Serie D,2022,2022-07-31 19:00:00,0,Rio Branco,Pacajus,0,0,0,[],[],2.1,3.2,3.1,2.2,1.65,1.91,1.85
480,3002960,Brazil Serie D,2022,2022-08-01 20:00:00,0,Retrô,Santa Cruz,1,2,3,['28'],"['3', '39']",1.95,3.2,3.75,2.1,1.7,1.8,1.86
481,3254257,Brazil Serie D,2022,2022-08-06 15:00:00,0,Portuguesa RJ,Nova Venécia,2,1,3,"['18', '47']",['4'],2.17,2.55,3.75,2.61,1.41,2.05,1.68
482,3254259,Brazil Serie D,2022,2022-08-06 16:00:00,0,Bahia de Feira,São Bernardo,0,1,1,[],['18'],2.34,2.73,3.36,3.0,1.3,2.35,1.51
483,3254253,Brazil Serie D,2022,2022-08-07 15:00:00,0,Lagarto,Amazonas,1,1,2,['71'],['44'],1.8,3.2,4.33,2.4,1.53,2.05,1.68
484,3254261,Brazil Serie D,2022,2022-08-07 15:00:00,0,Noroeste,Caxias,1,1,2,['78'],['28'],2.25,2.7,3.4,2.6,1.41,2.1,1.65
485,3254263,Brazil Serie D,2022,2022-08-07 16:00:00,0,Paraná,Pouso Alegre,1,1,2,['4'],['79'],2.39,2.78,3.13,2.95,1.35,2.3,1.55
486,3294771,Brazil Serie D,2022,2022-08-07 16:00:00,0,Santa Cruz,Tocantinópolis,0,0,0,[],[],1.67,3.25,4.75,2.35,1.57,2.15,1.6
487,3254255,Brazil Serie D,2022,2022-08-07 16:00:00,0,América RN,Moto Club MA,2,1,3,"['35', '49']",['74'],1.67,3.3,4.75,2.15,1.67,1.9,1.74
488,3279554,Brazil Serie D,2022,2022-08-07 19:00:00,0,Rio Branco,ASA,0,0,0,[],[],2.3,2.9,3.0,2.4,1.53,1.9,1.8
489,3254262,Brazil Serie D,2022,2022-08-13 15:00:00,0,Caxias,Noroeste,0,0,0,[],[],1.73,3.2,4.5,2.5,1.5,2.3,1.59
490,3254260,Brazil Serie D,2022,2022-08-13 16:00:00,0,São Bernardo,Bahia de Feira,1,1,2,['55'],['90+1'],2.0,2.9,3.9,2.84,1.35,2.75,1.43
491,3254264,Brazil Serie D,2022,2022-08-13 17:00:00,0,Pouso Alegre,Paraná,1,0,1,['41'],[],1.97,2.65,4.6,2.98,1.32,2.59,1.47
492,3254256,Brazil Serie D,2022,2022-08-13 19:00:00,0,Moto Club MA,América RN,0,1,1,[],['30'],2.2,2.95,3.2,2.25,1.57,1.9,1.8
493,3254258,Brazil Serie D,2022,2022-08-14 15:00:00,0,Nova Venécia,Portuguesa RJ,2,2,4,"['31', '54']","['41', '58']",2.66,2.88,2.66,2.5,1.47,2.1,1.65
494,3254254,Brazil Serie D,2022,2022-08-14 16:00:00,0,Amazonas,Lagarto,2,1,3,"['21', '79']",['45+5'],1.68,3.48,4.82,1.82,1.78,2.1,1.7
495,3279555,Brazil Serie D,2022,2022-08-14 16:00:00,0,ASA,Rio Branco,0,0,0,[],[],1.94,3.24,3.74,2.15,1.61,2.2,1.64
496,3294772,Brazil Serie D,2022,2022-08-14 16:00:00,0,Tocantinópolis,Santa Cruz,1,0,1,['87'],[],2.4,3.06,2.89,2.35,1.53,2.0,1.77
497,3516227,Brazil Serie D,2022,2022-08-20 15:00:00,0,Caxias,América RN,1,0,1,['20'],[],1.85,3.1,3.8,2.6,1.48,2.34,1.57
498,3516225,Brazil Serie D,2022,2022-08-20 15:00:00,0,Portuguesa RJ,Amazonas,1,1,2,['58'],['18'],1.95,2.9,3.8,2.35,1.57,2.0,1.77
499,3516229,Brazil Serie D,2022,2022-08-21 15:30:00,0,Tocantinópolis,São Bernardo,0,3,3,[],"['41', '50', '90+6']",3.0,2.88,2.38,2.5,1.5,2.2,1.64
500,3516223,Brazil Serie D,2022,2022-08-21 16:00:00,0,ASA,Pouso Alegre,0,2,2,[],"['47', '70']",2.7,2.55,2.55,2.89,1.34,2.4,1.54
501,3516230,Brazil Serie D,2022,2022-08-27 16:00:00,0,São Bernardo,Tocantinópolis,2,0,2,"['21', '71']",[],1.7,3.6,4.5,2.0,1.8,2.1,1.66
502,3516224,Brazil Serie D,2022,2022-08-27 17:00:00,0,Pouso Alegre,ASA,1,0,1,['34'],[],1.73,3.2,5.0,2.7,1.44,2.53,1.49
503,3516226,Brazil Serie D,2022,2022-08-28 16:00:00,0,Amazonas,Portuguesa RJ,3,2,5,"['7', '20', '39']","['69', '90+2']",2.14,2.75,3.15,2.25,1.57,2.2,1.64
504,3516228,Brazil Serie D,2022,2022-08-28 16:00:00,0,América RN,Caxias,3,1,4,"['66', '87', '90+3']",['59'],2.13,2.5,3.55,2.57,1.4,2.25,1.55
505,3744580,Brazil Serie D,2022,2022-09-03 17:00:00,0,Pouso Alegre,Amazonas,1,0,1,['27'],[],2.42,2.95,3.05,2.04,1.7,2.44,1.53
506,3744582,Brazil Serie D,2022,2022-09-04 16:00:00,0,América RN,São Bernardo,2,0,2,"['54', '90+3']",[],2.15,2.75,3.4,2.84,1.35,2.3,1.55
507,3744583,Brazil Serie D,2022,2022-09-10 16:00:00,0,São Bernardo,América RN,0,1,1,[],['38'],1.57,3.3,6.0,2.4,1.53,2.45,1.46
508,3744581,Brazil Serie D,2022,2022-09-11 16:00:00,0,Amazonas,Pouso Alegre,0,1,1,[],['20'],2.12,2.8,3.84,2.39,1.51,1.95,1.76
509,3954848,Brazil Serie D,2022,2022-09-18 16:00:00,0,América RN,Pouso Alegre,2,0,2,"['10', '85']",[],2.1,3.0,3.75,2.64,1.4,2.3,1.55
510,3954847,Brazil Serie D,2022,2022-09-25 16:00:00,0,Pouso Alegre,América RN,1,0,1,['90+3'],[],1.83,3.1,4.0,2.35,1.57,2.1,1.62
