NÂº,League,Season,Date,Rodada,Home,Away,FT_Goals_H,FT_Goals_A,FT_TotalGoals,Goals_H_Minutes,Goals_A_Minutes,FT_Odd_H,FT_Odd_D,FT_Odd_A,FT_Odd_Over25,FT_Odd_BTTS_Yes,0x0,0x1,0x2,0x3,1x0,1x1,1x2,1x3,2x0,2x1,2x2,2x3,3x0,3x1,3x2,3x3,Goleada_H,Goleada_A
1,England EFL League One,2022/2023,2022-07-30 11:00:00,1,Accrington Stanley,Charlton Athletic,2,2,4,"['69', '90+6']","['36', '90+4']",2.62,3.37,2.62,1.88,1.7,0,0,0,0,0,0,0,0,0,0,1,0,0,0,0,0,0,0
2,England EFL League One,2022/2023,2022-07-30 11:00:00,1,Wycombe Wanderers,Burton Albion,3,0,3,"['7', '16', '30']",[],1.89,3.57,3.92,1.94,1.8,0,0,0,0,0,0,0,0,0,0,0,0,1,0,0,0,0,0
3,England EFL League One,2022/2023,2022-07-30 11:00:00,1,Sheffield Wednesday,Portsmouth,3,3,6,"['8', '52', '81']","['50', '57', '64']",1.9,3.58,3.87,1.88,1.91,0,0,0,0,0,0,0,0,0,0,0,0,0,0,0,1,0,0
4,England EFL League One,2022/2023,2022-07-30 11:00:00,1,Port Vale,Fleetwood Town,2,1,3,"['30', '32']",['6'],2.22,3.26,3.29,1.88,1.8,0,0,0,0,0,0,0,0,0,1,0,0,0,0,0,0,0,0
5,England EFL League One,2022/2023,2022-07-30 11:00:00,1,Morecambe,Shrewsbury Town,0,0,0,[],[],3.1,3.35,2.27,2.0,1.75,1,0,0,0,0,0,0,0,0,0,0,0,0,0,0,0,0,0
6,England EFL League One,2022/2023,2022-07-30 11:00:00,1,Lincoln City,Exeter City,1,1,2,['49'],['14'],1.91,3.25,3.6,1.85,1.75,0,0,0,0,0,1,0,0,0,0,0,0,0,0,0,0,0,0
7,England EFL League One,2022/2023,2022-07-30 11:00:00,1,Plymouth Argyle,Barnsley,1,0,1,['45'],[],2.22,3.26,3.29,1.88,1.75,0,0,0,0,1,0,0,0,0,0,0,0,0,0,0,0,0,0
8,England EFL League One,2022/2023,2022-07-30 11:00:00,1,Derby County,Oxford United,1,0,1,['80'],[],2.17,3.3,3.37,1.88,1.7,0,0,0,0,1,0,0,0,0,0,0,0,0,0,0,0,0,0
9,England EFL League One,2022/2023,2022-07-30 11:00:00,1,Cheltenham Town,Peterborough United,2,3,5,"['30', '39']","['59', '66', '72']",3.14,3.49,2.2,1.88,1.62,0,0,0,0,0,0,0,0,0,0,0,1,0,0,0,0,0,0
10,England EFL League One,2022/2023,2022-07-30 11:00:00,1,Cambridge United,Milton Keynes Dons,1,0,1,['17'],[],3.14,3.49,2.2,1.88,1.8,0,0,0,0,1,0,0,0,0,0,0,0,0,0,0,0,0,0
11,England EFL League One,2022/2023,2022-07-30 11:00:00,1,Bristol Rovers,Forest Green Rovers,1,2,3,['71'],"['55', '89']",2.19,3.49,3.15,1.88,1.7,0,0,0,0,0,0,1,0,0,0,0,0,0,0,0,0,0,0
12,England EFL League One,2022/2023,2022-07-30 11:00:00,1,Ipswich Town,Bolton Wanderers,1,1,2,['38'],['25'],1.89,3.63,3.85,1.88,1.8,0,0,0,0,0,1,0,0,0,0,0,0,0,0,0,0,0,0
13,England EFL League One,2022/2023,2022-08-06 11:00:00,2,Milton Keynes Dons,Sheffield Wednesday,0,1,1,[],['22'],2.62,3.25,2.62,2.0,1.8,0,1,0,0,0,0,0,0,0,0,0,0,0,0,0,0,0,0
14,England EFL League One,2022/2023,2022-08-06 11:00:00,2,Shrewsbury Town,Accrington Stanley,0,1,1,[],['77'],2.43,3.3,2.81,2.0,1.8,0,1,0,0,0,0,0,0,0,0,0,0,0,0,0,0,0,0
15,England EFL League One,2022/2023,2022-08-06 11:00:00,2,Portsmouth,Lincoln City,0,0,0,[],[],1.83,3.35,4.43,1.95,1.8,1,0,0,0,0,0,0,0,0,0,0,0,0,0,0,0,0,0
16,England EFL League One,2022/2023,2022-08-06 11:00:00,2,Peterborough United,Morecambe,3,0,3,"['9', '43', '72']",[],1.59,3.93,5.4,1.79,1.8,0,0,0,0,0,0,0,0,0,0,0,0,1,0,0,0,0,0
17,England EFL League One,2022/2023,2022-08-06 11:00:00,2,Oxford United,Cambridge United,1,0,1,['90+3'],[],1.84,3.47,4.22,1.96,1.91,0,0,0,0,1,0,0,0,0,0,0,0,0,0,0,0,0,0
18,England EFL League One,2022/2023,2022-08-06 11:00:00,2,Forest Green Rovers,Ipswich Town,1,2,3,['64'],"['37', '45+4']",3.72,3.37,1.99,1.95,1.8,0,0,0,0,0,0,1,0,0,0,0,0,0,0,0,0,0,0
19,England EFL League One,2022/2023,2022-08-06 11:00:00,2,Burton Albion,Bristol Rovers,0,4,4,[],"['4', '12', '40', '44']",2.28,3.17,3.17,2.0,1.8,0,0,0,0,0,0,0,0,0,0,0,0,0,0,0,0,0,1
20,England EFL League One,2022/2023,2022-08-06 11:00:00,2,Exeter City,Port Vale,4,0,4,"['24', '38', '72', '75']",[],2.48,3.22,2.82,2.06,1.8,0,0,0,0,0,0,0,0,0,0,0,0,0,0,0,0,1,0
21,England EFL League One,2022/2023,2022-08-06 11:00:00,2,Charlton Athletic,Derby County,1,0,1,['62'],[],2.83,3.25,2.45,2.03,1.8,0,0,0,0,1,0,0,0,0,0,0,0,0,0,0,0,0,0
22,England EFL League One,2022/2023,2022-08-06 11:00:00,2,Bolton Wanderers,Wycombe Wanderers,3,0,3,"['15', '41', '66']",[],2.18,3.27,3.27,2.06,1.91,0,0,0,0,0,0,0,0,0,0,0,0,1,0,0,0,0,0
23,England EFL League One,2022/2023,2022-08-06 11:00:00,2,Barnsley,Cheltenham Town,1,0,1,['66'],[],1.84,3.47,4.22,2.0,1.95,0,0,0,0,1,0,0,0,0,0,0,0,0,0,0,0,0,0
24,England EFL League One,2022/2023,2022-08-06 11:00:00,2,Fleetwood Town,Plymouth Argyle,2,1,3,"['28', '88']",['23'],2.83,3.27,2.43,1.95,1.8,0,0,0,0,0,0,0,0,0,1,0,0,0,0,0,0,0,0
25,England EFL League One,2022/2023,2022-08-13 08:30:00,3,Bristol Rovers,Oxford United,1,0,1,['34'],[],2.44,3.15,2.68,1.94,1.7,0,0,0,0,1,0,0,0,0,0,0,0,0,0,0,0,0,0
26,England EFL League One,2022/2023,2022-08-13 11:00:00,3,Plymouth Argyle,Peterborough United,2,0,2,"['30', '65']",[],2.28,3.2,2.86,2.04,1.75,0,0,0,0,0,0,0,0,1,0,0,0,0,0,0,0,0,0
27,England EFL League One,2022/2023,2022-08-13 11:00:00,3,Wycombe Wanderers,Shrewsbury Town,1,2,3,['51'],"['60', '89']",1.89,3.25,3.8,2.0,1.93,0,0,0,0,0,0,1,0,0,0,0,0,0,0,0,0,0,0
28,England EFL League One,2022/2023,2022-08-13 11:00:00,3,Sheffield Wednesday,Charlton Athletic,1,0,1,['81'],[],1.82,3.35,3.95,2.13,2.05,0,0,0,0,1,0,0,0,0,0,0,0,0,0,0,0,0,0
29,England EFL League One,2022/2023,2022-08-13 11:00:00,3,Port Vale,Bolton Wanderers,0,0,0,[],[],2.55,3.05,2.63,2.04,1.77,1,0,0,0,0,0,0,0,0,0,0,0,0,0,0,0,0,0
30,England EFL League One,2022/2023,2022-08-13 11:00:00,3,Morecambe,Fleetwood Town,1,1,2,['32'],['83'],2.29,3.15,2.87,2.04,1.8,0,0,0,0,0,1,0,0,0,0,0,0,0,0,0,0,0,0
31,England EFL League One,2022/2023,2022-08-13 11:00:00,3,Cambridge United,Exeter City,2,1,3,"['60', '88']",['39'],2.22,3.2,2.97,2.04,1.78,0,0,0,0,0,0,0,0,0,1,0,0,0,0,0,0,0,0
32,England EFL League One,2022/2023,2022-08-13 11:00:00,3,Ipswich Town,Milton Keynes Dons,3,0,3,"['5', '28', '60']",[],2.02,3.35,3.25,2.0,1.85,0,0,0,0,0,0,0,0,0,0,0,0,1,0,0,0,0,0
33,England EFL League One,2022/2023,2022-08-13 11:00:00,3,Derby County,Barnsley,2,1,3,"['8', '35']",['64'],1.88,3.25,3.85,2.11,2.0,0,0,0,0,0,0,0,0,0,1,0,0,0,0,0,0,0,0
34,England EFL League One,2022/2023,2022-08-13 11:00:00,3,Cheltenham Town,Portsmouth,0,2,2,[],"['30', '56']",2.73,3.1,2.44,2.08,1.8,0,0,1,0,0,0,0,0,0,0,0,0,0,0,0,0,0,0
35,England EFL League One,2022/2023,2022-08-13 11:00:00,3,Accrington Stanley,Burton Albion,4,4,8,"['52', '57', '90', '90+6']","['10', '17', '50', '81']",1.99,3.35,3.35,1.97,1.75,0,0,0,0,0,0,0,0,0,0,0,0,0,0,0,0,0,0
36,England EFL League One,2022/2023,2022-08-13 11:00:00,3,Lincoln City,Forest Green Rovers,1,1,2,['63'],['73'],2.5,3.05,2.68,2.04,1.75,0,0,0,0,0,1,0,0,0,0,0,0,0,0,0,0,0,0
37,England EFL League One,2022/2023,2022-08-16 15:45:00,4,Shrewsbury Town,Derby County,0,0,0,[],[],3.39,3.36,2.27,2.05,1.95,1,0,0,0,0,0,0,0,0,0,0,0,0,0,0,0,0,0
38,England EFL League One,2022/2023,2022-08-16 15:45:00,4,Portsmouth,Cambridge United,4,1,5,"['45+2', '60', '70', '77']",['30'],1.61,3.99,5.11,1.95,1.91,0,0,0,0,0,0,0,0,0,0,0,0,0,0,0,0,1,0
39,England EFL League One,2022/2023,2022-08-16 15:45:00,4,Peterborough United,Sheffield Wednesday,2,0,2,"['65', '75']",[],2.23,3.54,3.02,2.01,1.91,0,0,0,0,0,0,0,0,1,0,0,0,0,0,0,0,0,0
40,England EFL League One,2022/2023,2022-08-16 15:45:00,4,Oxford United,Lincoln City,1,2,3,['69'],"['21', '45+1']",1.67,3.82,4.85,1.83,1.91,0,0,0,0,0,0,1,0,0,0,0,0,0,0,0,0,0,0
41,England EFL League One,2022/2023,2022-08-16 15:45:00,4,Milton Keynes Dons,Port Vale,2,1,3,"['34', '85']",['90+3'],1.8,3.75,4.7,1.99,1.88,0,0,0,0,0,0,0,0,0,1,0,0,0,0,0,0,0,0
42,England EFL League One,2022/2023,2022-08-16 15:45:00,4,Fleetwood Town,Cheltenham Town,0,0,0,[],[],2.28,3.31,3.12,1.85,1.71,1,0,0,0,0,0,0,0,0,0,0,0,0,0,0,0,0,0
43,England EFL League One,2022/2023,2022-08-16 15:45:00,4,Charlton Athletic,Plymouth Argyle,5,1,6,"['11', '41', '45+3', '76', '84']",['71'],2.24,3.61,3.23,1.87,1.78,0,0,0,0,0,0,0,0,0,0,0,0,0,0,0,0,1,0
44,England EFL League One,2022/2023,2022-08-16 15:45:00,4,Burton Albion,Ipswich Town,0,1,1,[],['60'],4.38,3.75,1.85,1.94,1.85,0,1,0,0,0,0,0,0,0,0,0,0,0,0,0,0,0,0
45,England EFL League One,2022/2023,2022-08-16 15:45:00,4,Bolton Wanderers,Morecambe,1,0,1,['39'],[],1.62,3.9,5.14,1.83,1.8,0,0,0,0,1,0,0,0,0,0,0,0,0,0,0,0,0,0
46,England EFL League One,2022/2023,2022-08-16 15:45:00,4,Barnsley,Bristol Rovers,3,0,3,"['3', '13', '56']",[],1.81,3.7,4.69,2.1,1.93,0,0,0,0,0,0,0,0,0,0,0,0,1,0,0,0,0,0
47,England EFL League One,2022/2023,2022-08-16 15:45:00,4,Exeter City,Wycombe Wanderers,3,1,4,"['22', '38', '74']",['50'],3.03,3.38,2.46,1.99,1.82,0,0,0,0,0,0,0,0,0,0,0,0,0,1,0,0,0,0
48,England EFL League One,2022/2023,2022-08-20 11:00:00,5,Shrewsbury Town,Ipswich Town,0,3,3,[],"['22', '52', '90+2']",4.0,3.35,2.0,2.35,2.05,0,0,0,1,0,0,0,0,0,0,0,0,0,0,0,0,0,0
49,England EFL League One,2022/2023,2022-08-20 11:00:00,5,Forest Green Rovers,Plymouth Argyle,0,3,3,[],"['18', '27', '61']",2.65,3.4,2.65,2.0,1.8,0,0,0,1,0,0,0,0,0,0,0,0,0,0,0,0,0,0
50,England EFL League One,2022/2023,2022-08-20 11:00:00,5,Portsmouth,Bristol Rovers,3,1,4,"['32', '82', '90+2']",['61'],1.73,3.7,5.0,1.89,1.91,0,0,0,0,0,0,0,0,0,0,0,0,0,1,0,0,0,0
51,England EFL League One,2022/2023,2022-08-20 11:00:00,5,Peterborough United,Lincoln City,4,0,4,"['21', '29', '43', '50']",[],1.7,4.0,4.75,1.71,1.75,0,0,0,0,0,0,0,0,0,0,0,0,0,0,0,0,1,0
52,England EFL League One,2022/2023,2022-08-20 11:00:00,5,Milton Keynes Dons,Accrington Stanley,1,1,2,['30'],['78'],2.15,3.4,3.5,1.84,1.7,0,0,0,0,0,1,0,0,0,0,0,0,0,0,0,0,0,0
53,England EFL League One,2022/2023,2022-08-20 11:00:00,5,Fleetwood Town,Derby County,0,0,0,[],[],3.65,3.25,2.15,2.12,1.91,1,0,0,0,0,0,0,0,0,0,0,0,0,0,0,0,0,0
54,England EFL League One,2022/2023,2022-08-20 11:00:00,5,Oxford United,Morecambe,1,1,2,['56'],['48'],1.54,4.35,5.8,1.7,1.8,0,0,0,0,0,1,0,0,0,0,0,0,0,0,0,0,0,0
55,England EFL League One,2022/2023,2022-08-20 11:00:00,5,Charlton Athletic,Cambridge United,1,1,2,['41'],['60'],1.73,3.65,5.0,2.0,1.95,0,0,0,0,0,1,0,0,0,0,0,0,0,0,0,0,0,0
56,England EFL League One,2022/2023,2022-08-20 11:00:00,5,Burton Albion,Port Vale,0,2,2,[],"['49', '90+1']",2.8,3.35,2.55,2.02,1.75,0,0,1,0,0,0,0,0,0,0,0,0,0,0,0,0,0,0
57,England EFL League One,2022/2023,2022-08-20 11:00:00,5,Exeter City,Cheltenham Town,0,1,1,[],['56'],1.65,4.1,5.0,1.79,1.75,0,1,0,0,0,0,0,0,0,0,0,0,0,0,0,0,0,0
58,England EFL League One,2022/2023,2022-08-20 11:00:00,5,Bolton Wanderers,Sheffield Wednesday,0,2,2,[],"['36', '38']",2.6,3.4,2.7,2.05,1.75,0,0,1,0,0,0,0,0,0,0,0,0,0,0,0,0,0,0
59,England EFL League One,2022/2023,2022-08-20 11:00:00,5,Barnsley,Wycombe Wanderers,0,3,3,[],"['37', '72', '83']",2.25,3.25,3.35,2.07,1.8,0,0,0,1,0,0,0,0,0,0,0,0,0,0,0,0,0,0
60,England EFL League One,2022/2023,2022-08-27 11:00:00,6,Wycombe Wanderers,Charlton Athletic,1,1,2,['14'],['15'],2.25,3.25,3.15,1.94,1.75,0,0,0,0,0,1,0,0,0,0,0,0,0,0,0,0,0,0
61,England EFL League One,2022/2023,2022-08-27 11:00:00,6,Sheffield Wednesday,Forest Green Rovers,5,0,5,"['12', '19', '31', '45+1', '56']",[],1.65,3.75,5.0,2.01,1.93,0,0,0,0,0,0,0,0,0,0,0,0,0,0,0,0,1,0
62,England EFL League One,2022/2023,2022-08-27 11:00:00,6,Port Vale,Portsmouth,0,1,1,[],['25'],2.8,3.25,2.47,1.89,1.7,0,1,0,0,0,0,0,0,0,0,0,0,0,0,0,0,0,0
63,England EFL League One,2022/2023,2022-08-27 11:00:00,6,Plymouth Argyle,Bolton Wanderers,2,0,2,"['34', '88']",[],2.35,3.25,2.95,2.01,1.75,0,0,0,0,0,0,0,0,1,0,0,0,0,0,0,0,0,0
64,England EFL League One,2022/2023,2022-08-27 11:00:00,6,Morecambe,Milton Keynes Dons,0,4,4,[],"['16', '36', '62', '67']",3.55,3.25,2.07,2.0,1.8,0,0,0,0,0,0,0,0,0,0,0,0,0,0,0,0,0,1
65,England EFL League One,2022/2023,2022-08-27 11:00:00,6,Lincoln City,Fleetwood Town,2,2,4,"['6', '14']","['32', '90+3']",2.09,3.35,3.45,1.94,1.73,0,0,0,0,0,0,0,0,0,0,1,0,0,0,0,0,0,0
66,England EFL League One,2022/2023,2022-08-27 11:00:00,6,Ipswich Town,Barnsley,2,2,4,"['27', '70']","['33', '75']",1.72,3.65,4.7,2.0,1.95,0,0,0,0,0,0,0,0,0,0,1,0,0,0,0,0,0,0
67,England EFL League One,2022/2023,2022-08-27 11:00:00,6,Derby County,Peterborough United,2,1,3,"['88', '90+2']",['69'],1.89,3.6,3.8,1.84,1.75,0,0,0,0,0,0,0,0,0,1,0,0,0,0,0,0,0,0
68,England EFL League One,2022/2023,2022-08-27 11:00:00,6,Cheltenham Town,Oxford United,1,2,3,['63'],"['66', '86']",3.0,3.25,2.33,1.89,1.68,0,0,0,0,0,0,1,0,0,0,0,0,0,0,0,0,0,0
69,England EFL League One,2022/2023,2022-08-27 11:00:00,6,Cambridge United,Burton Albion,4,3,7,"['34', '53', '69', '79']","['1', '41', '67']",2.24,3.45,3.0,1.79,1.68,0,0,0,0,0,0,0,0,0,0,0,0,0,0,0,0,1,0
70,England EFL League One,2022/2023,2022-08-27 11:00:00,6,Bristol Rovers,Shrewsbury Town,1,1,2,['68'],['79'],2.43,3.15,2.9,1.92,1.78,0,0,0,0,0,1,0,0,0,0,0,0,0,0,0,0,0,0
71,England EFL League One,2022/2023,2022-08-27 11:00:00,6,Accrington Stanley,Exeter City,0,0,0,[],[],2.44,3.35,2.75,1.67,1.58,1,0,0,0,0,0,0,0,0,0,0,0,0,0,0,0,0,0
72,England EFL League One,2022/2023,2022-09-03 11:00:00,7,Portsmouth,Peterborough United,2,1,3,"['38', '70']",['5'],2.08,3.35,3.1,2.07,1.75,0,0,0,0,0,0,0,0,0,1,0,0,0,0,0,0,0,0
73,England EFL League One,2022/2023,2022-09-03 11:00:00,7,Port Vale,Cheltenham Town,2,2,4,"['37', '40']","['24', '90+2']",2.06,3.2,3.15,2.07,1.85,0,0,0,0,0,0,0,0,0,0,1,0,0,0,0,0,0,0
74,England EFL League One,2022/2023,2022-09-03 11:00:00,7,Oxford United,Burton Albion,2,1,3,"['48', '71']",['77'],1.7,3.75,4.05,1.8,1.75,0,0,0,0,0,0,0,0,0,1,0,0,0,0,0,0,0,0
75,England EFL League One,2022/2023,2022-09-03 11:00:00,7,Forest Green Rovers,Shrewsbury Town,0,2,2,[],"['10', '48']",2.43,3.16,2.58,2.07,1.83,0,0,1,0,0,0,0,0,0,0,0,0,0,0,0,0,0,0
76,England EFL League One,2022/2023,2022-09-03 11:00:00,7,Fleetwood Town,Wycombe Wanderers,1,1,2,['67'],['39'],2.58,3.35,2.43,1.95,1.8,0,0,0,0,0,1,0,0,0,0,0,0,0,0,0,0,0,0
77,England EFL League One,2022/2023,2022-09-03 11:00:00,7,Exeter City,Milton Keynes Dons,1,0,1,['66'],[],2.21,3.24,2.82,1.95,1.85,0,0,0,0,1,0,0,0,0,0,0,0,0,0,0,0,0,0
78,England EFL League One,2022/2023,2022-09-03 11:00:00,7,Sheffield Wednesday,Barnsley,0,2,2,[],"['34', '74']",1.67,3.53,4.27,1.95,1.93,0,0,1,0,0,0,0,0,0,0,0,0,0,0,0,0,0,0
79,England EFL League One,2022/2023,2022-09-03 11:00:00,7,Cambridge United,Lincoln City,2,0,2,"['24', '27']",[],2.42,3.35,2.57,1.99,1.75,0,0,0,0,0,0,0,0,1,0,0,0,0,0,0,0,0,0
80,England EFL League One,2022/2023,2022-09-03 11:00:00,7,Bristol Rovers,Morecambe,2,2,4,"['29', '80']","['12', '53']",2.01,3.4,3.2,1.95,1.83,0,0,0,0,0,0,0,0,0,0,1,0,0,0,0,0,0,0
81,England EFL League One,2022/2023,2022-09-03 11:00:00,7,Bolton Wanderers,Charlton Athletic,3,1,4,"['9', '41', '76']",['4'],2.13,3.35,3.0,2.01,1.78,0,0,0,0,0,0,0,0,0,0,0,0,0,1,0,0,0,0
82,England EFL League One,2022/2023,2022-09-03 11:00:00,7,Accrington Stanley,Ipswich Town,0,2,2,[],"['76', '87']",3.4,3.4,1.95,2.0,1.87,0,0,1,0,0,0,0,0,0,0,0,0,0,0,0,0,0,0
83,England EFL League One,2022/2023,2022-09-03 11:00:00,7,Derby County,Plymouth Argyle,2,3,5,"['26', '38']","['56', '77', '90']",1.76,3.46,3.9,1.95,1.9,0,0,0,0,0,0,0,0,0,0,0,1,0,0,0,0,0,0
84,England EFL League One,2022/2023,2022-09-06 15:45:00,4,Forest Green Rovers,Accrington Stanley,2,1,3,"['37', '81']",['76'],2.38,3.5,2.9,1.78,1.85,0,0,0,0,0,0,0,0,0,1,0,0,0,0,0,0,0,0
85,England EFL League One,2022/2023,2022-09-13 15:45:00,9,Burton Albion,Portsmouth,0,2,2,[],"['59', '86']",3.9,3.71,1.86,1.75,1.73,0,0,1,0,0,0,0,0,0,0,0,0,0,0,0,0,0,0
86,England EFL League One,2022/2023,2022-09-13 15:45:00,9,Barnsley,Port Vale,1,1,2,['43'],['83'],2.06,3.33,3.56,2.15,1.88,0,0,0,0,0,1,0,0,0,0,0,0,0,0,0,0,0,0
87,England EFL League One,2022/2023,2022-09-13 15:45:00,9,Ipswich Town,Bristol Rovers,2,0,2,"['24', '55']",[],1.43,4.47,6.95,1.73,1.98,0,0,0,0,0,0,0,0,1,0,0,0,0,0,0,0,0,0
88,England EFL League One,2022/2023,2022-09-13 15:45:00,9,Lincoln City,Derby County,2,0,2,"['12', '68']",[],3.67,3.47,1.98,2.1,1.85,0,0,0,0,0,0,0,0,1,0,0,0,0,0,0,0,0,0
89,England EFL League One,2022/2023,2022-09-13 15:45:00,9,Milton Keynes Dons,Bolton Wanderers,0,2,2,[],"['31', '60']",2.59,3.23,2.7,2.15,1.85,0,0,1,0,0,0,0,0,0,0,0,0,0,0,0,0,0,0
90,England EFL League One,2022/2023,2022-09-13 15:45:00,9,Morecambe,Sheffield Wednesday,0,3,3,[],"['70', '78', '83']",6.03,4.23,1.51,1.83,1.91,0,0,0,1,0,0,0,0,0,0,0,0,0,0,0,0,0,0
91,England EFL League One,2022/2023,2022-09-13 15:45:00,9,Shrewsbury Town,Exeter City,3,2,5,"['21', '34', '90+3']","['17', '20']",2.79,3.29,2.48,2.3,1.8,0,0,0,0,0,0,0,0,0,0,0,0,0,0,1,0,0,0
92,England EFL League One,2022/2023,2022-09-13 15:45:00,9,Plymouth Argyle,Oxford United,1,0,1,['70'],[],2.19,3.48,3.12,1.85,1.75,0,0,0,0,1,0,0,0,0,0,0,0,0,0,0,0,0,0
93,England EFL League One,2022/2023,2022-09-13 15:45:00,9,Charlton Athletic,Forest Green Rovers,1,1,2,['9'],['45'],1.83,3.7,4.03,1.8,1.75,0,0,0,0,0,1,0,0,0,0,0,0,0,0,0,0,0,0
94,England EFL League One,2022/2023,2022-09-13 15:45:00,9,Wycombe Wanderers,Accrington Stanley,1,0,1,['21'],[],1.92,3.7,3.64,1.75,1.75,0,0,0,0,1,0,0,0,0,0,0,0,0,0,0,0,0,0
95,England EFL League One,2022/2023,2022-09-13 15:45:00,9,Peterborough United,Fleetwood Town,0,1,1,[],['23'],1.66,3.9,4.87,1.73,1.75,0,1,0,0,0,0,0,0,0,0,0,0,0,0,0,0,0,0
96,England EFL League One,2022/2023,2022-09-13 15:45:00,9,Cheltenham Town,Cambridge United,2,1,3,"['59', '83']",['28'],2.47,3.44,2.71,1.9,1.71,0,0,0,0,0,0,0,0,0,1,0,0,0,0,0,0,0,0
97,England EFL League One,2022/2023,2022-09-17 11:00:00,10,Accrington Stanley,Cheltenham Town,1,0,1,['1'],[],1.88,3.6,3.75,1.67,1.8,0,0,0,0,1,0,0,0,0,0,0,0,0,0,0,0,0,0
98,England EFL League One,2022/2023,2022-09-17 11:00:00,10,Bolton Wanderers,Peterborough United,1,0,1,['86'],[],2.2,3.4,3.0,1.86,1.67,0,0,0,0,1,0,0,0,0,0,0,0,0,0,0,0,0,0
99,England EFL League One,2022/2023,2022-09-17 11:00:00,10,Bristol Rovers,Lincoln City,3,6,9,"['18', '59', '65']","['7', '14', '45+1', '51', '56', '61']",2.3,3.2,3.1,1.97,1.75,0,0,0,0,0,0,0,0,0,0,0,0,0,0,0,0,0,1
100,England EFL League One,2022/2023,2022-09-17 11:00:00,10,Cambridge United,Barnsley,0,3,3,[],"['24', '76', '90+1']",2.5,3.4,2.6,1.97,1.8,0,0,0,1,0,0,0,0,0,0,0,0,0,0,0,0,0,0
101,England EFL League One,2022/2023,2022-09-17 11:00:00,10,Fleetwood Town,Charlton Athletic,1,1,2,['30'],['77'],2.8,3.3,2.4,1.91,1.75,0,0,0,0,0,1,0,0,0,0,0,0,0,0,0,0,0,0
102,England EFL League One,2022/2023,2022-09-17 11:00:00,10,Oxford United,Milton Keynes Dons,1,2,3,['89'],"['44', '84']",2.1,3.4,3.25,1.97,1.75,0,0,0,0,0,0,1,0,0,0,0,0,0,0,0,0,0,0
103,England EFL League One,2022/2023,2022-09-17 11:00:00,10,Port Vale,Shrewsbury Town,2,1,3,"['9', '90+1']",['19'],2.25,3.3,3.0,2.1,2.0,0,0,0,0,0,0,0,0,0,1,0,0,0,0,0,0,0,0
104,England EFL League One,2022/2023,2022-09-17 11:00:00,10,Portsmouth,Plymouth Argyle,2,2,4,"['41', '90+4']","['74', '79']",1.9,3.7,3.6,1.7,1.7,0,0,0,0,0,0,0,0,0,0,1,0,0,0,0,0,0,0
105,England EFL League One,2022/2023,2022-09-17 11:00:00,10,Sheffield Wednesday,Ipswich Town,2,2,4,"['75', '89']","['4', '71']",2.45,3.25,2.75,2.1,1.8,0,0,0,0,0,0,0,0,0,0,1,0,0,0,0,0,0,0
106,England EFL League One,2022/2023,2022-09-17 11:00:00,10,Derby County,Wycombe Wanderers,2,1,3,"['72', '86']",['15'],1.75,3.75,4.2,1.92,1.91,0,0,0,0,0,0,0,0,0,1,0,0,0,0,0,0,0,0
107,England EFL League One,2022/2023,2022-09-17 11:00:00,10,Forest Green Rovers,Morecambe,1,2,3,['30'],"['44', '90+3']",2.0,3.5,3.4,1.97,1.8,0,0,0,0,0,0,1,0,0,0,0,0,0,0,0,0,0,0
108,England EFL League One,2022/2023,2022-09-17 11:00:00,10,Exeter City,Burton Albion,0,2,2,[],"['63', '69']",1.66,3.75,4.8,1.88,1.91,0,0,1,0,0,0,0,0,0,0,0,0,0,0,0,0,0,0
109,England EFL League One,2022/2023,2022-09-24 08:30:00,11,Forest Green Rovers,Exeter City,0,4,4,[],"['6', '26', '41', '83']",2.85,3.25,2.4,2.1,1.8,0,0,0,0,0,0,0,0,0,0,0,0,0,0,0,0,0,1
110,England EFL League One,2022/2023,2022-09-24 11:00:00,11,Barnsley,Charlton Athletic,3,1,4,"['10', '54', '76']",['85'],2.25,3.2,3.2,1.91,1.8,0,0,0,0,0,0,0,0,0,0,0,0,0,1,0,0,0,0
111,England EFL League One,2022/2023,2022-09-24 11:00:00,11,Bristol Rovers,Accrington Stanley,0,1,1,[],['54'],2.75,3.3,2.45,1.73,1.67,0,1,0,0,0,0,0,0,0,0,0,0,0,0,0,0,0,0
112,England EFL League One,2022/2023,2022-09-24 11:00:00,11,Morecambe,Cambridge United,1,2,3,['12'],"['32', '87']",2.8,3.3,2.4,2.05,1.8,0,0,0,0,0,0,1,0,0,0,0,0,0,0,0,0,0,0
113,England EFL League One,2022/2023,2022-09-24 11:00:00,11,Peterborough United,Port Vale,3,0,3,"['26', '36', '73']",[],1.9,3.5,3.8,1.85,1.8,0,0,0,0,0,0,0,0,0,0,0,0,1,0,0,0,0,0
114,England EFL League One,2022/2023,2022-09-24 11:00:00,11,Sheffield Wednesday,Wycombe Wanderers,3,1,4,"['1', '32', '90+6']",['10'],1.62,3.8,5.25,1.87,1.95,0,0,0,0,0,0,0,0,0,0,0,0,0,1,0,0,0,0
115,England EFL League One,2022/2023,2022-09-24 11:00:00,11,Shrewsbury Town,Burton Albion,2,1,3,"['13', '66']",['57'],1.95,3.4,3.75,2.1,1.95,0,0,0,0,0,0,0,0,0,1,0,0,0,0,0,0,0,0
116,England EFL League One,2022/2023,2022-09-25 08:30:00,11,Plymouth Argyle,Ipswich Town,2,1,3,"['69', '75']",['39'],2.88,3.28,2.12,1.91,1.75,0,0,0,0,0,0,0,0,0,1,0,0,0,0,0,0,0,0
117,England EFL League One,2022/2023,2022-10-01 11:00:00,12,Fleetwood Town,Barnsley,0,1,1,[],['90'],3.0,3.2,2.38,2.03,1.85,0,1,0,0,0,0,0,0,0,0,0,0,0,0,0,0,0,0
118,England EFL League One,2022/2023,2022-10-01 11:00:00,12,Exeter City,Bristol Rovers,2,2,4,"['72', '81']","['62', '90+2']",1.8,3.5,4.4,1.8,1.83,0,0,0,0,0,0,0,0,0,0,1,0,0,0,0,0,0,0
119,England EFL League One,2022/2023,2022-10-01 11:00:00,12,Cheltenham Town,Shrewsbury Town,2,0,2,"['45', '46']",[],2.88,3.2,2.45,2.12,1.91,0,0,0,0,0,0,0,0,1,0,0,0,0,0,0,0,0,0
120,England EFL League One,2022/2023,2022-10-01 11:00:00,12,Charlton Athletic,Oxford United,1,1,2,['55'],['11'],2.38,3.2,3.0,1.79,1.73,0,0,0,0,0,1,0,0,0,0,0,0,0,0,0,0,0,0
121,England EFL League One,2022/2023,2022-10-01 11:00:00,12,Port Vale,Sheffield Wednesday,0,1,1,[],['63'],3.0,3.3,2.3,1.8,1.7,0,1,0,0,0,0,0,0,0,0,0,0,0,0,0,0,0,0
122,England EFL League One,2022/2023,2022-10-01 11:00:00,12,Burton Albion,Forest Green Rovers,3,2,5,"['6', '82', '90+2']","['52', '69']",2.5,3.2,2.75,1.87,1.87,0,0,0,0,0,0,0,0,0,0,0,0,0,0,1,0,0,0
123,England EFL League One,2022/2023,2022-10-01 11:00:00,12,Bolton Wanderers,Lincoln City,2,0,2,"['40', '84']",[],1.75,3.6,4.5,1.79,1.85,0,0,0,0,0,0,0,0,1,0,0,0,0,0,0,0,0,0
124,England EFL League One,2022/2023,2022-10-01 11:00:00,12,Accrington Stanley,Morecambe,3,1,4,"['58', '81', '85']",['77'],1.91,3.5,4.0,1.75,1.8,0,0,0,0,0,0,0,0,0,0,0,0,0,1,0,0,0,0
125,England EFL League One,2022/2023,2022-10-01 11:00:00,12,Wycombe Wanderers,Plymouth Argyle,0,1,1,[],['8'],2.88,3.1,2.5,1.84,1.73,0,1,0,0,0,0,0,0,0,0,0,0,0,0,0,0,0,0
126,England EFL League One,2022/2023,2022-10-01 11:00:00,12,Ipswich Town,Portsmouth,3,2,5,"['25', '74', '80']","['32', '79']",2.4,3.25,2.88,1.82,1.8,0,0,0,0,0,0,0,0,0,0,0,0,0,0,1,0,0,0
127,England EFL League One,2022/2023,2022-10-01 11:00:00,12,Cambridge United,Derby County,0,2,2,[],"['45', '83']",2.62,3.25,2.6,1.87,1.8,0,0,1,0,0,0,0,0,0,0,0,0,0,0,0,0,0,0
128,England EFL League One,2022/2023,2022-10-01 11:00:00,12,Milton Keynes Dons,Peterborough United,2,3,5,"['90', '90+1']","['3', '36', '54']",2.6,3.25,2.62,1.93,1.73,0,0,0,0,0,0,0,0,0,0,0,1,0,0,0,0,0,0
129,England EFL League One,2022/2023,2022-10-04 15:45:00,8,Burton Albion,Fleetwood Town,0,1,1,[],['34'],2.1,3.25,3.5,2.05,1.83,0,1,0,0,0,0,0,0,0,0,0,0,0,0,0,0,0,0
130,England EFL League One,2022/2023,2022-10-04 15:45:00,8,Cheltenham Town,Bolton Wanderers,1,0,1,['87'],[],3.75,3.3,2.0,1.98,1.83,0,0,0,0,1,0,0,0,0,0,0,0,0,0,0,0,0,0
131,England EFL League One,2022/2023,2022-10-04 15:45:00,8,Ipswich Town,Cambridge United,3,0,3,"['72', '75', '86']",[],1.4,4.5,8.0,1.95,2.05,0,0,0,0,0,0,0,0,0,0,0,0,1,0,0,0,0,0
132,England EFL League One,2022/2023,2022-10-04 15:45:00,8,Plymouth Argyle,Sheffield Wednesday,2,1,3,"['3', '90+1']",['7'],2.7,3.25,2.6,2.03,1.71,0,0,0,0,0,0,0,0,0,1,0,0,0,0,0,0,0,0
133,England EFL League One,2022/2023,2022-10-08 11:00:00,14,Lincoln City,Charlton Athletic,0,0,0,[],[],2.68,3.4,2.48,1.83,1.73,1,0,0,0,0,0,0,0,0,0,0,0,0,0,0,0,0,0
134,England EFL League One,2022/2023,2022-10-08 11:00:00,14,Bristol Rovers,Cambridge United,2,1,3,"['17', '56']",['35'],2.48,3.4,2.68,1.72,1.6,0,0,0,0,0,0,0,0,0,1,0,0,0,0,0,0,0,0
135,England EFL League One,2022/2023,2022-10-08 11:00:00,14,Barnsley,Exeter City,0,2,2,[],"['1', '48']",2.15,3.4,3.22,1.88,1.73,0,0,1,0,0,0,0,0,0,0,0,0,0,0,0,0,0,0
136,England EFL League One,2022/2023,2022-10-08 11:00:00,14,Morecambe,Ipswich Town,1,2,3,['34'],"['54', '65']",7.49,4.5,1.4,1.78,1.95,0,0,0,0,0,0,1,0,0,0,0,0,0,0,0,0,0,0
137,England EFL League One,2022/2023,2022-10-08 11:00:00,14,Oxford United,Wycombe Wanderers,0,1,1,[],['33'],2.2,3.35,3.16,1.85,1.7,0,1,0,0,0,0,0,0,0,0,0,0,0,0,0,0,0,0
138,England EFL League One,2022/2023,2022-10-08 11:00:00,14,Peterborough United,Burton Albion,1,1,2,['47'],['75'],1.52,4.35,5.49,1.57,1.73,0,0,0,0,0,1,0,0,0,0,0,0,0,0,0,0,0,0
139,England EFL League One,2022/2023,2022-10-08 11:00:00,14,Plymouth Argyle,Accrington Stanley,3,0,3,"['24', '63', '90+3']",[],1.76,3.8,4.19,1.72,1.67,0,0,0,0,0,0,0,0,0,0,0,0,1,0,0,0,0,0
140,England EFL League One,2022/2023,2022-10-08 11:00:00,14,Portsmouth,Fleetwood Town,1,1,2,['7'],['15'],1.59,3.95,5.32,1.8,1.95,0,0,0,0,0,1,0,0,0,0,0,0,0,0,0,0,0,0
141,England EFL League One,2022/2023,2022-10-08 11:00:00,14,Sheffield Wednesday,Cheltenham Town,3,0,3,"['3', '83', '85']",[],1.42,4.55,6.85,1.7,1.8,0,0,0,0,0,0,0,0,0,0,0,0,1,0,0,0,0,0
142,England EFL League One,2022/2023,2022-10-08 11:00:00,14,Derby County,Port Vale,1,2,3,['5'],"['55', '66']",1.68,3.7,4.89,1.98,1.95,0,0,0,0,0,0,1,0,0,0,0,0,0,0,0,0,0,0
143,England EFL League One,2022/2023,2022-10-08 11:00:00,14,Forest Green Rovers,Bolton Wanderers,1,0,1,['32'],[],4.23,3.6,1.8,1.9,1.83,0,0,0,0,1,0,0,0,0,0,0,0,0,0,0,0,0,0
144,England EFL League One,2022/2023,2022-10-08 11:00:00,14,Shrewsbury Town,Milton Keynes Dons,2,1,3,"['24', '45+2']",['54'],2.39,3.15,2.99,2.19,1.91,0,0,0,0,0,0,0,0,0,1,0,0,0,0,0,0,0,0
145,England EFL League One,2022/2023,2022-10-11 15:45:00,8,Charlton Athletic,Exeter City,4,2,6,"['20', '24', '84', '90+1']","['37', '90+5']",2.3,3.4,2.9,1.91,1.8,0,0,0,0,0,0,0,0,0,0,0,0,0,0,0,0,1,0
146,England EFL League One,2022/2023,2022-10-11 15:45:00,8,Milton Keynes Dons,Bristol Rovers,0,1,1,[],['76'],2.05,3.5,3.3,1.84,1.93,0,1,0,0,0,0,0,0,0,0,0,0,0,0,0,0,0,0
147,England EFL League One,2022/2023,2022-10-11 15:45:00,8,Peterborough United,Forest Green Rovers,4,1,5,"['30', '39', '46', '58']",['35'],1.47,4.2,6.5,1.63,1.83,0,0,0,0,0,0,0,0,0,0,0,0,0,0,0,0,1,0
148,England EFL League One,2022/2023,2022-10-15 11:00:00,15,Cambridge United,Sheffield Wednesday,0,2,2,[],"['6', '77']",3.4,3.4,2.04,1.74,1.8,0,0,1,0,0,0,0,0,0,0,0,0,0,0,0,0,0,0
149,England EFL League One,2022/2023,2022-10-15 11:00:00,15,Cheltenham Town,Bristol Rovers,1,4,5,['54'],"['15', '23', '42', '45+2']",2.23,3.3,3.05,1.88,1.78,0,0,0,0,0,0,0,0,0,0,0,0,0,0,0,0,0,1
150,England EFL League One,2022/2023,2022-10-15 11:00:00,15,Exeter City,Oxford United,2,4,6,"['65', '90+2']","['12', '31', '44', '54']",2.0,3.25,3.15,1.89,1.8,0,0,0,0,0,0,0,0,0,0,0,0,0,0,0,0,0,1
151,England EFL League One,2022/2023,2022-10-15 11:00:00,15,Fleetwood Town,Shrewsbury Town,0,1,1,[],['30'],2.2,2.95,2.95,2.15,1.95,0,1,0,0,0,0,0,0,0,0,0,0,0,0,0,0,0,0
152,England EFL League One,2022/2023,2022-10-15 11:00:00,15,Burton Albion,Morecambe,1,1,2,['30'],['77'],1.8,3.45,3.65,1.75,1.72,0,0,0,0,0,1,0,0,0,0,0,0,0,0,0,0,0,0
153,England EFL League One,2022/2023,2022-10-15 11:00:00,15,Ipswich Town,Lincoln City,0,1,1,[],['24'],1.37,4.15,7.0,1.78,2.15,0,1,0,0,0,0,0,0,0,0,0,0,0,0,0,0,0,0
154,England EFL League One,2022/2023,2022-10-15 11:00:00,15,Milton Keynes Dons,Plymouth Argyle,1,4,5,['49'],"['9', '25', '37', '59']",2.5,3.0,2.5,1.78,1.68,0,0,0,0,0,0,0,0,0,0,0,0,0,0,0,0,0,1
155,England EFL League One,2022/2023,2022-10-15 11:00:00,15,Port Vale,Forest Green Rovers,2,2,4,"['78', '88']","['14', '37']",2.05,2.95,3.3,1.86,1.8,0,0,0,0,0,0,0,0,0,0,1,0,0,0,0,0,0,0
156,England EFL League One,2022/2023,2022-10-15 11:00:00,15,Wycombe Wanderers,Peterborough United,3,1,4,"['45', '74', '90+5']",['22'],2.4,3.05,2.65,1.86,1.75,0,0,0,0,0,0,0,0,0,0,0,0,0,1,0,0,0,0
157,England EFL League One,2022/2023,2022-10-15 11:00:00,15,Bolton Wanderers,Barnsley,0,0,0,[],[],2.0,3.2,3.15,1.91,1.83,1,0,0,0,0,0,0,0,0,0,0,0,0,0,0,0,0,0
158,England EFL League One,2022/2023,2022-10-15 11:00:00,15,Accrington Stanley,Derby County,0,3,3,[],"['15', '39', '90+8']",2.45,3.0,2.55,1.98,1.75,0,0,0,1,0,0,0,0,0,0,0,0,0,0,0,0,0,0
159,England EFL League One,2022/2023,2022-10-17 16:00:00,15,Charlton Athletic,Portsmouth,3,0,3,"['17', '31', '67']",[],2.52,3.5,2.85,1.88,1.75,0,0,0,0,0,0,0,0,0,0,0,0,1,0,0,0,0,0
160,England EFL League One,2022/2023,2022-10-21 16:00:00,16,Ipswich Town,Derby County,1,0,1,['67'],[],1.71,3.55,4.25,2.01,1.9,0,0,0,0,1,0,0,0,0,0,0,0,0,0,0,0,0,0
161,England EFL League One,2022/2023,2022-10-22 09:00:00,16,Lincoln City,Sheffield Wednesday,1,1,2,['46'],['7'],3.72,3.44,2.11,2.03,1.83,0,0,0,0,0,1,0,0,0,0,0,0,0,0,0,0,0,0
162,England EFL League One,2022/2023,2022-10-22 11:00:00,16,Oxford United,Peterborough United,1,2,3,['52'],"['7', '31']",2.79,3.5,2.56,1.8,1.75,0,0,0,0,0,0,1,0,0,0,0,0,0,0,0,0,0,0
163,England EFL League One,2022/2023,2022-10-22 11:00:00,16,Morecambe,Barnsley,1,0,1,['39'],[],3.74,3.54,2.07,2.03,1.87,0,0,0,0,1,0,0,0,0,0,0,0,0,0,0,0,0,0
164,England EFL League One,2022/2023,2022-10-22 11:00:00,16,Milton Keynes Dons,Wycombe Wanderers,0,1,1,[],['40'],2.51,3.46,2.89,1.9,1.77,0,1,0,0,0,0,0,0,0,0,0,0,0,0,0,0,0,0
165,England EFL League One,2022/2023,2022-10-22 11:00:00,16,Forest Green Rovers,Portsmouth,0,1,1,[],['17'],3.7,3.72,2.03,1.85,1.75,0,1,0,0,0,0,0,0,0,0,0,0,0,0,0,0,0,0
166,England EFL League One,2022/2023,2022-10-22 11:00:00,16,Exeter City,Fleetwood Town,2,1,3,"['30', '90+3']",['28'],1.97,3.6,4.06,2.0,1.87,0,0,0,0,0,0,0,0,0,1,0,0,0,0,0,0,0,0
167,England EFL League One,2022/2023,2022-10-22 11:00:00,16,Cambridge United,Port Vale,0,1,1,[],['79'],2.54,3.44,2.85,2.1,1.78,0,1,0,0,0,0,0,0,0,0,0,0,0,0,0,0,0,0
168,England EFL League One,2022/2023,2022-10-22 11:00:00,16,Burton Albion,Cheltenham Town,1,0,1,['77'],[],2.26,3.52,3.28,1.95,1.75,0,0,0,0,1,0,0,0,0,0,0,0,0,0,0,0,0,0
169,England EFL League One,2022/2023,2022-10-22 11:00:00,16,Bristol Rovers,Plymouth Argyle,2,2,4,"['47', '57']","['14', '45+2']",2.94,3.54,2.44,1.9,1.71,0,0,0,0,0,0,0,0,0,0,1,0,0,0,0,0,0,0
170,England EFL League One,2022/2023,2022-10-22 11:00:00,16,Accrington Stanley,Bolton Wanderers,2,3,5,"['8', '48']","['56', '71', '75']",2.98,3.62,2.37,1.9,1.66,0,0,0,0,0,0,0,0,0,0,0,1,0,0,0,0,0,0
171,England EFL League One,2022/2023,2022-10-22 11:00:00,16,Shrewsbury Town,Charlton Athletic,0,1,1,[],['69'],2.44,3.46,2.99,2.1,1.8,0,1,0,0,0,0,0,0,0,0,0,0,0,0,0,0,0,0
172,England EFL League One,2022/2023,2022-10-25 15:45:00,13,Wycombe Wanderers,Cambridge United,2,3,5,"['35', '90+7']","['6', '45+1', '77']",1.79,3.65,3.75,1.73,1.75,0,0,0,0,0,0,0,0,0,0,0,1,0,0,0,0,0,0
173,England EFL League One,2022/2023,2022-10-25 15:45:00,13,Portsmouth,Oxford United,1,1,2,['78'],['16'],1.95,3.5,3.35,1.88,1.8,0,0,0,0,0,1,0,0,0,0,0,0,0,0,0,0,0,0
174,England EFL League One,2022/2023,2022-10-25 15:45:00,13,Plymouth Argyle,Shrewsbury Town,2,1,3,"['70', '83']",['30'],1.73,3.55,4.15,1.99,1.91,0,0,0,0,0,0,0,0,0,1,0,0,0,0,0,0,0,0
175,England EFL League One,2022/2023,2022-10-25 15:45:00,13,Peterborough United,Accrington Stanley,3,1,4,"['33', '51', '59']",['25'],1.7,3.8,4.0,1.67,1.65,0,0,0,0,0,0,0,0,0,0,0,0,0,1,0,0,0,0
176,England EFL League One,2022/2023,2022-10-25 15:45:00,13,Fleetwood Town,Forest Green Rovers,1,1,2,['70'],['23'],1.95,3.4,3.4,2.01,1.81,0,0,0,0,0,1,0,0,0,0,0,0,0,0,0,0,0,0
177,England EFL League One,2022/2023,2022-10-25 15:45:00,13,Derby County,Exeter City,0,0,0,[],[],1.86,3.55,3.6,1.88,1.63,1,0,0,0,0,0,0,0,0,0,0,0,0,0,0,0,0,0
178,England EFL League One,2022/2023,2022-10-25 15:45:00,13,Cheltenham Town,Morecambe,1,0,1,['35'],[],1.98,3.4,3.35,1.99,1.83,0,0,0,0,1,0,0,0,0,0,0,0,0,0,0,0,0,0
179,England EFL League One,2022/2023,2022-10-25 15:45:00,13,Charlton Athletic,Milton Keynes Dons,0,2,2,[],"['66', '78']",1.74,3.55,4.1,1.99,1.75,0,0,1,0,0,0,0,0,0,0,0,0,0,0,0,0,0,0
180,England EFL League One,2022/2023,2022-10-25 15:45:00,13,Bolton Wanderers,Burton Albion,2,1,3,"['87', '90+8']",['73'],1.75,3.7,3.9,1.8,1.72,0,0,0,0,0,0,0,0,0,1,0,0,0,0,0,0,0,0
181,England EFL League One,2022/2023,2022-10-25 15:45:00,13,Port Vale,Ipswich Town,2,3,5,"['45+6', '47']","['34', '38', '51']",4.0,3.5,1.77,2.01,1.68,0,0,0,0,0,0,0,0,0,0,0,1,0,0,0,0,0,0
182,England EFL League One,2022/2023,2022-10-25 15:45:00,13,Barnsley,Lincoln City,0,1,1,[],['45+4'],1.8,3.5,3.9,1.99,2.02,0,1,0,0,0,0,0,0,0,0,0,0,0,0,0,0,0,0
183,England EFL League One,2022/2023,2022-10-26 16:00:00,13,Sheffield Wednesday,Bristol Rovers,1,1,2,['45+3'],['60'],1.48,4.5,6.4,1.7,1.8,0,0,0,0,0,1,0,0,0,0,0,0,0,0,0,0,0,0
184,England EFL League One,2022/2023,2022-10-29 11:00:00,17,Fleetwood Town,Accrington Stanley,3,0,3,"['50', '54', '59']",[],2.38,3.2,3.0,2.3,1.95,0,0,0,0,0,0,0,0,0,0,0,0,1,0,0,0,0,0
185,England EFL League One,2022/2023,2022-10-29 11:00:00,17,Derby County,Bristol Rovers,4,2,6,"['5', '12', '24', '40']","['35', '45+3']",1.65,3.7,5.5,1.85,1.91,0,0,0,0,0,0,0,0,0,0,0,0,0,0,0,0,1,0
186,England EFL League One,2022/2023,2022-10-29 11:00:00,17,Cheltenham Town,Milton Keynes Dons,0,0,0,[],[],2.6,3.3,2.62,2.1,1.8,1,0,0,0,0,0,0,0,0,0,0,0,0,0,0,0,0,0
187,England EFL League One,2022/2023,2022-10-29 11:00:00,17,Charlton Athletic,Ipswich Town,4,4,8,"['63', '76', '90+6', '90+9']","['45+3', '52', '90+1', '90+4']",3.5,3.3,2.1,2.0,1.8,0,0,0,0,0,0,0,0,0,0,0,0,0,0,0,0,0,0
188,England EFL League One,2022/2023,2022-10-29 11:00:00,17,Bolton Wanderers,Oxford United,1,3,4,['73'],"['25', '53', '79']",2.1,3.3,3.4,2.1,1.95,0,0,0,0,0,0,0,1,0,0,0,0,0,0,0,0,0,0
189,England EFL League One,2022/2023,2022-10-29 11:00:00,17,Barnsley,Forest Green Rovers,2,0,2,"['15', '83']",[],1.73,3.6,4.6,1.9,1.91,0,0,0,0,0,0,0,0,1,0,0,0,0,0,0,0,0,0
190,England EFL League One,2022/2023,2022-10-29 11:00:00,17,Peterborough United,Cambridge United,1,0,1,['18'],[],1.57,3.9,5.5,1.6,1.75,0,0,0,0,1,0,0,0,0,0,0,0,0,0,0,0,0,0
191,England EFL League One,2022/2023,2022-10-29 11:00:00,17,Wycombe Wanderers,Morecambe,1,1,2,['20'],['82'],1.57,3.8,5.8,1.95,2.0,0,0,0,0,0,1,0,0,0,0,0,0,0,0,0,0,0,0
192,England EFL League One,2022/2023,2022-10-29 11:00:00,17,Sheffield Wednesday,Burton Albion,4,2,6,"['22', '26', '53', '75']","['76', '82']",1.5,4.0,6.5,1.7,1.95,0,0,0,0,0,0,0,0,0,0,0,0,0,0,0,0,1,0
193,England EFL League One,2022/2023,2022-10-29 11:00:00,17,Portsmouth,Shrewsbury Town,1,1,2,['29'],['26'],1.7,3.5,5.0,2.05,2.0,0,0,0,0,0,1,0,0,0,0,0,0,0,0,0,0,0,0
194,England EFL League One,2022/2023,2022-10-29 11:00:00,17,Port Vale,Lincoln City,1,0,1,['68'],[],2.0,3.3,3.75,2.0,1.95,0,0,0,0,1,0,0,0,0,0,0,0,0,0,0,0,0,0
195,England EFL League One,2022/2023,2022-10-31 17:00:00,17,Plymouth Argyle,Exeter City,4,2,6,"['27', '58', '70', '84']","['25', '52']",1.86,3.4,3.45,1.79,1.67,0,0,0,0,0,0,0,0,0,0,0,0,0,0,0,0,1,0
196,England EFL League One,2022/2023,2022-11-01 16:45:00,8,Morecambe,Derby County,1,1,2,['45+2'],['59'],4.0,3.3,1.95,1.82,1.9,0,0,0,0,0,1,0,0,0,0,0,0,0,0,0,0,0,0
197,England EFL League One,2022/2023,2022-11-01 16:45:00,11,Oxford United,Fleetwood Town,1,1,2,['50'],['2'],1.91,3.2,4.2,1.91,1.8,0,0,0,0,0,1,0,0,0,0,0,0,0,0,0,0,0,0
198,England EFL League One,2022/2023,2022-11-01 16:45:00,8,Wycombe Wanderers,Port Vale,2,2,4,"['4', '61']","['45+7', '77']",2.25,3.1,3.3,2.1,1.9,0,0,0,0,0,0,0,0,0,0,1,0,0,0,0,0,0,0
199,England EFL League One,2022/2023,2022-11-01 16:45:00,8,Lincoln City,Accrington Stanley,1,1,2,['60'],['85'],2.45,3.1,3.0,1.87,1.75,0,0,0,0,0,1,0,0,0,0,0,0,0,0,0,0,0,0
200,England EFL League One,2022/2023,2022-11-09 16:45:00,8,Shrewsbury Town,Oxford United,1,1,2,['65'],['15'],2.7,3.2,2.38,2.07,1.87,0,0,0,0,0,1,0,0,0,0,0,0,0,0,0,0,0,0
201,England EFL League One,2022/2023,2022-11-12 12:00:00,18,Shrewsbury Town,Barnsley,0,1,1,[],['10'],2.18,3.36,3.34,2.1,1.8,0,1,0,0,0,0,0,0,0,0,0,0,0,0,0,0,0,0
202,England EFL League One,2022/2023,2022-11-12 12:00:00,18,Oxford United,Port Vale,4,0,4,"['10', '27', '62', '66']",[],2.31,3.4,3.06,2.02,1.75,0,0,0,0,0,0,0,0,0,0,0,0,0,0,0,0,1,0
203,England EFL League One,2022/2023,2022-11-12 12:00:00,18,Morecambe,Portsmouth,1,1,2,['36'],['67'],3.98,3.54,1.92,2.05,1.8,0,0,0,0,0,1,0,0,0,0,0,0,0,0,0,0,0,0
204,England EFL League One,2022/2023,2022-11-12 12:00:00,18,Milton Keynes Dons,Derby County,1,3,4,['41'],"['43', '53', '79']",3.3,3.4,2.18,2.05,1.7,0,0,0,0,0,0,0,1,0,0,0,0,0,0,0,0,0,0
205,England EFL League One,2022/2023,2022-11-12 12:00:00,18,Lincoln City,Plymouth Argyle,1,1,2,['45+1'],['31'],3.3,3.4,2.18,2.05,1.67,0,0,0,0,0,1,0,0,0,0,0,0,0,0,0,0,0,0
206,England EFL League One,2022/2023,2022-11-12 12:00:00,18,Ipswich Town,Cheltenham Town,1,1,2,['8'],['34'],1.34,5.0,9.2,1.83,2.3,0,0,0,0,0,1,0,0,0,0,0,0,0,0,0,0,0,0
207,England EFL League One,2022/2023,2022-11-12 12:00:00,18,Exeter City,Peterborough United,3,2,5,"['27', '86', '90+1']","['40', '81']",2.84,3.48,2.42,1.88,1.6,0,0,0,0,0,0,0,0,0,0,0,0,0,0,1,0,0,0
208,England EFL League One,2022/2023,2022-11-12 12:00:00,18,Forest Green Rovers,Wycombe Wanderers,0,2,2,[],"['14', '27']",3.18,3.52,2.21,1.88,1.7,0,0,1,0,0,0,0,0,0,0,0,0,0,0,0,0,0,0
209,England EFL League One,2022/2023,2022-11-12 12:00:00,18,Burton Albion,Charlton Athletic,3,3,6,"['38', '45', '58']","['26', '36', '75']",3.02,3.5,2.3,1.88,1.69,0,0,0,0,0,0,0,0,0,0,0,0,0,0,0,1,0,0
210,England EFL League One,2022/2023,2022-11-12 12:00:00,18,Bristol Rovers,Fleetwood Town,2,2,4,"['57', '80']","['14', '90+9']",2.23,3.4,3.22,2.05,1.78,0,0,0,0,0,0,0,0,0,0,1,0,0,0,0,0,0,0
211,England EFL League One,2022/2023,2022-11-12 12:00:00,18,Accrington Stanley,Sheffield Wednesday,0,1,1,[],['24'],4.08,3.56,1.9,2.05,1.7,0,1,0,0,0,0,0,0,0,0,0,0,0,0,0,0,0,0
212,England EFL League One,2022/2023,2022-11-12 12:00:00,18,Cambridge United,Bolton Wanderers,0,0,0,[],[],3.3,3.4,2.18,2.05,1.83,1,0,0,0,0,0,0,0,0,0,0,0,0,0,0,0,0,0
213,England EFL League One,2022/2023,2022-11-18 17:00:00,19,Portsmouth,Derby County,0,0,0,[],[],2.06,3.25,3.3,1.93,1.8,1,0,0,0,0,0,0,0,0,0,0,0,0,0,0,0,0,0
214,England EFL League One,2022/2023,2022-11-19 09:00:00,19,Exeter City,Ipswich Town,0,2,2,[],"['11', '68']",3.75,3.6,1.95,1.95,1.8,0,0,1,0,0,0,0,0,0,0,0,0,0,0,0,0,0,0
215,England EFL League One,2022/2023,2022-11-19 12:00:00,19,Oxford United,Forest Green Rovers,1,1,2,['19'],['60'],1.72,3.75,4.75,1.87,1.8,0,0,0,0,0,1,0,0,0,0,0,0,0,0,0,0,0,0
216,England EFL League One,2022/2023,2022-11-19 12:00:00,19,Sheffield Wednesday,Shrewsbury Town,1,0,1,['39'],[],1.55,4.33,5.5,1.7,2.0,0,0,0,0,1,0,0,0,0,0,0,0,0,0,0,0,0,0
217,England EFL League One,2022/2023,2022-11-19 12:00:00,19,Lincoln City,Morecambe,2,1,3,"['17', '67']",['81'],2.0,3.5,3.6,2.05,1.8,0,0,0,0,0,0,0,0,0,1,0,0,0,0,0,0,0,0
218,England EFL League One,2022/2023,2022-11-19 12:00:00,19,Fleetwood Town,Bolton Wanderers,1,2,3,['16'],"['85', '90+5']",3.2,3.4,2.2,2.0,1.75,0,0,0,0,0,0,1,0,0,0,0,0,0,0,0,0,0,0
219,England EFL League One,2022/2023,2022-11-19 12:00:00,19,Cheltenham Town,Wycombe Wanderers,1,0,1,['26'],[],3.3,3.3,2.2,2.05,1.8,0,0,0,0,1,0,0,0,0,0,0,0,0,0,0,0,0,0
220,England EFL League One,2022/2023,2022-11-19 12:00:00,19,Port Vale,Charlton Athletic,1,0,1,['57'],[],2.4,3.3,2.95,2.0,1.8,0,0,0,0,1,0,0,0,0,0,0,0,0,0,0,0,0,0
221,England EFL League One,2022/2023,2022-11-19 12:00:00,19,Burton Albion,Plymouth Argyle,2,2,4,"['41', '90+7']","['64', '73']",3.0,3.4,2.3,1.75,1.62,0,0,0,0,0,0,0,0,0,0,1,0,0,0,0,0,0,0
222,England EFL League One,2022/2023,2022-11-19 12:00:00,19,Bristol Rovers,Peterborough United,1,0,1,['53'],[],3.2,3.4,2.2,1.9,1.62,0,0,0,0,1,0,0,0,0,0,0,0,0,0,0,0,0,0
223,England EFL League One,2022/2023,2022-11-19 12:00:00,19,Barnsley,Milton Keynes Dons,3,1,4,"['18', '50', '68']",['40'],1.78,3.75,4.33,1.78,1.95,0,0,0,0,0,0,0,0,0,0,0,0,0,1,0,0,0,0
224,England EFL League One,2022/2023,2022-11-19 12:00:00,19,Cambridge United,Accrington Stanley,0,1,1,[],['45+2'],2.2,3.4,3.2,2.05,1.7,0,1,0,0,0,0,0,0,0,0,0,0,0,0,0,0,0,0
225,England EFL League One,2022/2023,2022-12-02 16:45:00,20,Charlton Athletic,Cheltenham Town,0,1,1,[],['84'],1.7,3.7,4.1,1.79,1.8,0,1,0,0,0,0,0,0,0,0,0,0,0,0,0,0,0,0
226,England EFL League One,2022/2023,2022-12-02 16:45:00,20,Peterborough United,Barnsley,1,2,3,['21'],"['11', '61']",2.16,3.6,3.4,1.73,1.71,0,0,0,0,0,0,1,0,0,0,0,0,0,0,0,0,0,0
227,England EFL League One,2022/2023,2022-12-02 16:45:00,20,Morecambe,Exeter City,1,1,2,['34'],['36'],3.1,3.5,2.03,1.78,1.72,0,0,0,0,0,1,0,0,0,0,0,0,0,0,0,0,0,0
228,England EFL League One,2022/2023,2022-12-02 16:45:00,20,Plymouth Argyle,Port Vale,0,2,2,[],"['65', '71']",2.13,3.65,3.42,1.7,1.72,0,0,1,0,0,0,0,0,0,0,0,0,0,0,0,0,0,0
229,England EFL League One,2022/2023,2022-12-02 16:45:00,20,Bolton Wanderers,Bristol Rovers,1,1,2,['90+4'],['2'],1.69,3.8,4.0,1.73,1.73,0,0,0,0,0,1,0,0,0,0,0,0,0,0,0,0,0,0
230,England EFL League One,2022/2023,2022-12-02 16:45:00,20,Ipswich Town,Fleetwood Town,1,1,2,['2'],['90+6'],1.3,4.7,7.6,1.81,2.1,0,0,0,0,0,1,0,0,0,0,0,0,0,0,0,0,0,0
231,England EFL League One,2022/2023,2022-12-03 09:30:00,20,Shrewsbury Town,Lincoln City,2,0,2,"['45', '60']",[],2.27,3.25,3.1,2.25,1.91,0,0,0,0,0,0,0,0,1,0,0,0,0,0,0,0,0,0
232,England EFL League One,2022/2023,2022-12-03 09:30:00,20,Milton Keynes Dons,Burton Albion,1,1,2,['84'],['29'],2.21,3.35,3.15,2.03,1.75,0,0,0,0,0,1,0,0,0,0,0,0,0,0,0,0,0,0
233,England EFL League One,2022/2023,2022-12-03 09:30:00,20,Derby County,Sheffield Wednesday,0,0,0,[],[],2.95,3.25,2.36,2.0,1.95,1,0,0,0,0,0,0,0,0,0,0,0,0,0,0,0,0,0
234,England EFL League One,2022/2023,2022-12-03 10:00:00,20,Forest Green Rovers,Cambridge United,2,1,3,"['37', '90+3']",['89'],2.55,3.2,2.7,2.0,1.91,0,0,0,0,0,0,0,0,0,1,0,0,0,0,0,0,0,0
235,England EFL League One,2022/2023,2022-12-03 12:00:00,20,Accrington Stanley,Oxford United,1,1,2,['84'],['58'],2.8,3.4,2.41,1.84,1.67,0,0,0,0,0,1,0,0,0,0,0,0,0,0,0,0,0,0
236,England EFL League One,2022/2023,2022-12-04 09:30:00,20,Wycombe Wanderers,Portsmouth,2,0,2,"['14', '88']",[],2.3,3.0,2.8,1.83,1.7,0,0,0,0,0,0,0,0,1,0,0,0,0,0,0,0,0,0
237,England EFL League One,2022/2023,2022-12-10 09:30:00,21,Shrewsbury Town,Bolton Wanderers,3,2,5,"['2', '79', '90+2']","['13', '71']",3.07,3.28,2.49,2.04,1.9,0,0,0,0,0,0,0,0,0,0,0,0,0,0,1,0,0,0
238,England EFL League One,2022/2023,2022-12-10 09:30:00,21,Ipswich Town,Peterborough United,2,1,3,"['21', '58']",['31'],1.59,4.15,5.05,1.75,1.87,0,0,0,0,0,0,0,0,0,1,0,0,0,0,0,0,0,0
239,England EFL League One,2022/2023,2022-12-10 11:00:00,21,Forest Green Rovers,Cheltenham Town,1,0,1,['75'],[],2.35,3.45,3.14,1.92,1.81,0,0,0,0,1,0,0,0,0,0,0,0,0,0,0,0,0,0
240,England EFL League One,2022/2023,2022-12-10 11:00:00,21,Burton Albion,Derby County,1,1,2,['79'],['23'],3.12,3.54,2.32,1.83,1.75,0,0,0,0,0,1,0,0,0,0,0,0,0,0,0,0,0,0
241,England EFL League One,2022/2023,2022-12-10 12:00:00,21,Milton Keynes Dons,Fleetwood Town,1,2,3,['52'],"['72', '90']",2.05,3.36,3.61,2.03,1.9,0,0,0,0,0,0,1,0,0,0,0,0,0,0,0,0,0,0
242,England EFL League One,2022/2023,2022-12-10 12:00:00,21,Lincoln City,Wycombe Wanderers,0,0,0,[],[],2.84,3.25,2.5,2.02,1.83,1,0,0,0,0,0,0,0,0,0,0,0,0,0,0,0,0,0
243,England EFL League One,2022/2023,2022-12-10 12:00:00,21,Exeter City,Sheffield Wednesday,1,1,2,['56'],['90+4'],3.52,3.57,2.13,1.82,1.83,0,0,0,0,0,1,0,0,0,0,0,0,0,0,0,0,0,0
244,England EFL League One,2022/2023,2022-12-10 12:00:00,21,Bristol Rovers,Port Vale,1,0,1,['87'],[],2.54,3.34,2.94,1.94,1.75,0,0,0,0,1,0,0,0,0,0,0,0,0,0,0,0,0,0
245,England EFL League One,2022/2023,2022-12-10 12:00:00,21,Cambridge United,Plymouth Argyle,0,0,0,[],[],3.11,3.56,2.18,1.75,1.68,1,0,0,0,0,0,0,0,0,0,0,0,0,0,0,0,0,0
246,England EFL League One,2022/2023,2022-12-17 12:00:00,22,Bolton Wanderers,Exeter City,2,0,2,"['8', '26']",[],2.0,3.4,3.75,1.86,1.8,0,0,0,0,0,0,0,0,1,0,0,0,0,0,0,0,0,0
247,England EFL League One,2022/2023,2022-12-17 12:00:00,22,Wycombe Wanderers,Ipswich Town,1,0,1,['40'],[],3.65,3.35,1.88,1.96,1.78,0,0,0,0,1,0,0,0,0,0,0,0,0,0,0,0,0,0
248,England EFL League One,2022/2023,2022-12-17 12:00:00,22,Plymouth Argyle,Morecambe,2,1,3,"['69', '84']",['90+1'],1.53,4.2,4.9,1.72,1.79,0,0,0,0,0,0,0,0,0,1,0,0,0,0,0,0,0,0
249,England EFL League One,2022/2023,2022-12-17 12:00:00,22,Derby County,Forest Green Rovers,4,0,4,"['5', '21', '69', '87']",[],1.45,4.6,6.5,1.75,1.92,0,0,0,0,0,0,0,0,0,0,0,0,0,0,0,0,1,0
250,England EFL League One,2022/2023,2022-12-17 12:00:00,22,Barnsley,Burton Albion,2,0,2,"['36', '73']",[],1.7,3.9,4.8,1.81,1.85,0,0,0,0,0,0,0,0,1,0,0,0,0,0,0,0,0,0
251,England EFL League One,2022/2023,2022-12-17 12:00:00,22,Charlton Athletic,Bristol Rovers,1,2,3,['20'],"['61', '72']",2.0,3.4,3.75,1.82,1.72,0,0,0,0,0,0,1,0,0,0,0,0,0,0,0,0,0,0
252,England EFL League One,2022/2023,2022-12-17 12:00:00,22,Sheffield Wednesday,Oxford United,0,0,0,[],[],1.69,3.65,4.2,1.83,1.77,1,0,0,0,0,0,0,0,0,0,0,0,0,0,0,0,0,0
253,England EFL League One,2022/2023,2022-12-17 12:00:00,22,Portsmouth,Milton Keynes Dons,0,2,2,[],"['34', '64']",1.96,3.25,3.5,2.08,1.84,0,0,1,0,0,0,0,0,0,0,0,0,0,0,0,0,0,0
254,England EFL League One,2022/2023,2022-12-26 12:00:00,23,Cheltenham Town,Plymouth Argyle,0,1,1,[],['78'],3.15,3.45,2.02,1.89,1.7,0,1,0,0,0,0,0,0,0,0,0,0,0,0,0,0,0,0
255,England EFL League One,2022/2023,2022-12-26 12:00:00,23,Exeter City,Portsmouth,0,0,0,[],[],2.55,3.4,2.41,1.92,1.75,1,0,0,0,0,0,0,0,0,0,0,0,0,0,0,0,0,0
256,England EFL League One,2022/2023,2022-12-26 12:00:00,23,Cambridge United,Shrewsbury Town,2,1,3,"['67', '76']",['64'],2.59,3.25,2.46,2.08,1.95,0,0,0,0,0,0,0,0,0,1,0,0,0,0,0,0,0,0
257,England EFL League One,2022/2023,2022-12-26 12:00:00,23,Milton Keynes Dons,Forest Green Rovers,1,0,1,['58'],[],1.83,3.45,3.8,1.99,1.91,0,0,0,0,1,0,0,0,0,0,0,0,0,0,0,0,0,0
258,England EFL League One,2022/2023,2022-12-26 12:00:00,23,Burton Albion,Lincoln City,3,0,3,"['5', '14', '27']",[],2.3,3.35,2.72,2.01,1.8,0,0,0,0,0,0,0,0,0,0,0,0,1,0,0,0,0,0
259,England EFL League One,2022/2023,2022-12-26 12:00:00,23,Accrington Stanley,Barnsley,1,1,2,['62'],['8'],3.05,3.4,2.09,1.99,1.8,0,0,0,0,0,1,0,0,0,0,0,0,0,0,0,0,0,0
260,England EFL League One,2022/2023,2022-12-26 12:00:00,23,Ipswich Town,Oxford United,3,0,3,"['39', '45', '81']",[],1.46,4.2,5.6,1.75,1.91,0,0,0,0,0,0,0,0,0,0,0,0,1,0,0,0,0,0
261,England EFL League One,2022/2023,2022-12-26 12:00:00,23,Fleetwood Town,Sheffield Wednesday,1,2,3,['8'],"['16', '73']",4.0,3.5,1.77,2.04,1.95,0,0,0,0,0,0,1,0,0,0,0,0,0,0,0,0,0,0
262,England EFL League One,2022/2023,2022-12-26 12:00:00,23,Charlton Athletic,Peterborough United,1,1,2,['49'],['65'],2.6,3.4,2.36,1.92,1.7,0,0,0,0,0,1,0,0,0,0,0,0,0,0,0,0,0,0
263,England EFL League One,2022/2023,2022-12-26 12:00:00,23,Port Vale,Morecambe,1,0,1,['40'],[],1.62,3.7,4.75,2.02,2.1,0,0,0,0,1,0,0,0,0,0,0,0,0,0,0,0,0,0
264,England EFL League One,2022/2023,2022-12-26 12:00:00,23,Wycombe Wanderers,Bristol Rovers,2,1,3,"['22', '48']",['4'],1.83,3.45,3.8,2.01,1.8,0,0,0,0,0,0,0,0,0,1,0,0,0,0,0,0,0,0
265,England EFL League One,2022/2023,2022-12-27 12:00:00,23,Bolton Wanderers,Derby County,0,0,0,[],[],2.2,3.3,3.2,2.01,1.8,1,0,0,0,0,0,0,0,0,0,0,0,0,0,0,0,0,0
266,England EFL League One,2022/2023,2022-12-29 16:45:00,24,Shrewsbury Town,Cheltenham Town,0,1,1,[],['38'],2.02,3.25,3.35,2.06,1.95,0,1,0,0,0,0,0,0,0,0,0,0,0,0,0,0,0,0
267,England EFL League One,2022/2023,2022-12-29 16:45:00,24,Sheffield Wednesday,Port Vale,2,0,2,"['30', '70']",[],1.78,3.4,4.1,2.06,2.0,0,0,0,0,0,0,0,0,1,0,0,0,0,0,0,0,0,0
268,England EFL League One,2022/2023,2022-12-29 16:45:00,24,Portsmouth,Ipswich Town,2,2,4,"['4', '60']","['11', '87']",3.2,3.2,2.12,1.95,1.8,0,0,0,0,0,0,0,0,0,0,1,0,0,0,0,0,0,0
269,England EFL League One,2022/2023,2022-12-29 16:45:00,24,Plymouth Argyle,Wycombe Wanderers,1,0,1,['33'],[],2.12,3.25,3.15,1.8,1.7,0,0,0,0,1,0,0,0,0,0,0,0,0,0,0,0,0,0
270,England EFL League One,2022/2023,2022-12-29 16:45:00,24,Peterborough United,Milton Keynes Dons,2,0,2,"['38', '48']",[],1.78,3.4,4.1,1.95,1.95,0,0,0,0,0,0,0,0,1,0,0,0,0,0,0,0,0,0
271,England EFL League One,2022/2023,2022-12-29 16:45:00,24,Oxford United,Charlton Athletic,3,1,4,"['20', '24', '82']",['67'],1.93,3.3,3.6,1.95,1.91,0,0,0,0,0,0,0,0,0,0,0,0,0,1,0,0,0,0
272,England EFL League One,2022/2023,2022-12-29 16:45:00,24,Forest Green Rovers,Burton Albion,1,2,3,['90+3'],"['45+2', '89']",2.4,3.15,2.74,1.95,1.8,0,0,0,0,0,0,1,0,0,0,0,0,0,0,0,0,0,0
273,England EFL League One,2022/2023,2022-12-29 16:45:00,24,Bristol Rovers,Exeter City,3,4,7,"['57', '64', '74']","['13', '45+2', '85', '90+2']",2.4,3.2,2.7,1.8,1.7,0,0,0,0,0,0,0,0,0,0,0,0,0,0,0,0,0,1
274,England EFL League One,2022/2023,2022-12-29 16:45:00,24,Barnsley,Fleetwood Town,2,1,3,"['64', '86']",['77'],1.68,3.55,4.5,1.95,2.0,0,0,0,0,0,0,0,0,0,1,0,0,0,0,0,0,0,0
275,England EFL League One,2022/2023,2022-12-29 16:45:00,24,Morecambe,Accrington Stanley,2,0,2,"['34', '43']",[],2.85,3.1,2.35,1.95,1.8,0,0,0,0,0,0,0,0,1,0,0,0,0,0,0,0,0,0
276,England EFL League One,2022/2023,2022-12-30 16:45:00,24,Derby County,Cambridge United,1,0,1,['57'],[],1.48,3.81,5.71,1.97,2.1,0,0,0,0,1,0,0,0,0,0,0,0,0,0,0,0,0,0
277,England EFL League One,2022/2023,2022-12-30 16:45:00,24,Lincoln City,Bolton Wanderers,1,1,2,['10'],['58'],2.86,3.14,2.24,1.97,1.8,0,0,0,0,0,1,0,0,0,0,0,0,0,0,0,0,0,0
278,England EFL League One,2022/2023,2023-01-01 12:00:00,25,Bristol Rovers,Cheltenham Town,2,1,3,"['25', '39']",['48'],1.83,3.5,4.0,1.77,1.7,0,0,0,0,0,0,0,0,0,1,0,0,0,0,0,0,0,0
279,England EFL League One,2022/2023,2023-01-01 12:00:00,25,Plymouth Argyle,Milton Keynes Dons,3,1,4,"['4', '37', '53']",['19'],1.7,3.5,4.8,1.95,1.8,0,0,0,0,0,0,0,0,0,0,0,0,0,1,0,0,0,0
280,England EFL League One,2022/2023,2023-01-01 12:00:00,25,Portsmouth,Charlton Athletic,1,3,4,['45+3'],"['23', '48', '90+4']",1.91,3.4,3.6,1.95,1.8,0,0,0,0,0,0,0,1,0,0,0,0,0,0,0,0,0,0
281,England EFL League One,2022/2023,2023-01-01 12:00:00,25,Peterborough United,Wycombe Wanderers,0,3,3,[],"['15', '67', '75']",1.91,3.4,4.0,1.95,1.91,0,0,0,1,0,0,0,0,0,0,0,0,0,0,0,0,0,0
282,England EFL League One,2022/2023,2023-01-01 12:00:00,25,Forest Green Rovers,Port Vale,1,3,4,['2'],"['86', '90+8', '90+12']",3.3,3.4,2.1,1.8,1.75,0,0,0,0,0,0,0,1,0,0,0,0,0,0,0,0,0,0
283,England EFL League One,2022/2023,2023-01-01 12:00:00,25,Oxford United,Exeter City,0,1,1,[],['79'],2.1,3.4,3.3,1.95,1.95,0,1,0,0,0,0,0,0,0,0,0,0,0,0,0,0,0,0
284,England EFL League One,2022/2023,2023-01-01 12:00:00,25,Morecambe,Burton Albion,5,0,5,"['32', '45+1', '51', '55', '83']",[],2.75,3.5,2.4,1.73,1.7,0,0,0,0,0,0,0,0,0,0,0,0,0,0,0,0,1,0
285,England EFL League One,2022/2023,2023-01-01 12:00:00,25,Shrewsbury Town,Fleetwood Town,0,3,3,[],"['25', '28', '89']",2.1,3.3,3.5,2.06,1.95,0,0,0,1,0,0,0,0,0,0,0,0,0,0,0,0,0,0
286,England EFL League One,2022/2023,2023-01-02 12:00:00,25,Sheffield Wednesday,Cambridge United,5,0,5,"['7', '21', '51', '70', '80']",[],1.32,5.58,9.85,1.6,1.95,0,0,0,0,0,0,0,0,0,0,0,0,0,0,0,0,1,0
287,England EFL League One,2022/2023,2023-01-02 12:00:00,25,Derby County,Accrington Stanley,4,0,4,"['7', '16', '45+2', '46']",[],1.59,4.02,5.27,1.82,1.95,0,0,0,0,0,0,0,0,0,0,0,0,0,0,0,0,1,0
288,England EFL League One,2022/2023,2023-01-02 12:00:00,25,Barnsley,Bolton Wanderers,0,3,3,[],"['12', '41', '76']",2.25,3.37,3.43,2.15,1.95,0,0,0,1,0,0,0,0,0,0,0,0,0,0,0,0,0,0
289,England EFL League One,2022/2023,2023-01-02 12:00:00,25,Lincoln City,Ipswich Town,1,1,2,['64'],['81'],5.19,3.8,1.64,1.8,1.75,0,0,0,0,0,1,0,0,0,0,0,0,0,0,0,0,0,0
290,England EFL League One,2022/2023,2023-01-07 12:00:00,26,Charlton Athletic,Lincoln City,2,1,3,"['35', '42']",['76'],1.83,3.4,3.85,1.95,1.87,0,0,0,0,0,0,0,0,0,1,0,0,0,0,0,0,0,0
291,England EFL League One,2022/2023,2023-01-07 12:00:00,26,Cambridge United,Bristol Rovers,1,2,3,['5'],"['22', '29']",2.75,3.2,2.37,1.95,1.83,0,0,0,0,0,0,1,0,0,0,0,0,0,0,0,0,0,0
292,England EFL League One,2022/2023,2023-01-07 12:00:00,43,Morecambe,Cheltenham Town,2,1,3,"['20', '47']",['39'],2.32,3.1,2.9,1.83,1.85,0,0,0,0,0,0,0,0,0,1,0,0,0,0,0,0,0,0
293,England EFL League One,2022/2023,2023-01-07 12:00:00,38,Bolton Wanderers,Plymouth Argyle,0,0,0,[],[],2.27,3.2,2.9,1.7,1.75,1,0,0,0,0,0,0,0,0,0,0,0,0,0,0,0,0,0
294,England EFL League One,2022/2023,2023-01-14 12:00:00,27,Milton Keynes Dons,Lincoln City,0,0,0,[],[],2.13,3.15,3.15,2.15,1.95,1,0,0,0,0,0,0,0,0,0,0,0,0,0,0,0,0,0
295,England EFL League One,2022/2023,2023-01-14 12:00:00,27,Cheltenham Town,Derby County,2,3,5,"['2', '77']","['8', '11', '55']",3.8,3.35,1.85,2.0,1.91,0,0,0,0,0,0,0,0,0,0,0,1,0,0,0,0,0,0
296,England EFL League One,2022/2023,2023-01-14 12:00:00,27,Exeter City,Forest Green Rovers,1,1,2,['75'],['54'],1.5,4.0,5.4,1.93,1.8,0,0,0,0,0,1,0,0,0,0,0,0,0,0,0,0,0,0
297,England EFL League One,2022/2023,2023-01-14 12:00:00,27,Fleetwood Town,Oxford United,1,2,3,['44'],"['62', '90']",2.85,3.2,2.28,1.93,1.7,0,0,0,0,0,0,1,0,0,0,0,0,0,0,0,0,0,0
298,England EFL League One,2022/2023,2023-01-14 12:00:00,27,Ipswich Town,Plymouth Argyle,1,1,2,['63'],['90+3'],1.61,3.65,4.8,1.75,1.95,0,0,0,0,0,1,0,0,0,0,0,0,0,0,0,0,0,0
299,England EFL League One,2022/2023,2023-01-14 12:00:00,27,Charlton Athletic,Barnsley,2,0,2,"['19', '61']",[],2.7,3.25,2.38,1.93,1.75,0,0,0,0,0,0,0,0,1,0,0,0,0,0,0,0,0,0
300,England EFL League One,2022/2023,2023-01-14 12:00:00,27,Burton Albion,Shrewsbury Town,0,4,4,[],"['1', '43', '58', '90+4']",2.32,3.1,2.9,1.93,1.91,0,0,0,0,0,0,0,0,0,0,0,0,0,0,0,0,0,1
301,England EFL League One,2022/2023,2023-01-14 12:00:00,27,Wycombe Wanderers,Sheffield Wednesday,0,1,1,[],['13'],2.85,3.25,2.28,1.93,1.75,0,1,0,0,0,0,0,0,0,0,0,0,0,0,0,0,0,0
302,England EFL League One,2022/2023,2023-01-14 12:00:00,27,Bolton Wanderers,Portsmouth,3,0,3,"['15', '48', '71']",[],1.94,3.35,3.55,1.93,1.8,0,0,0,0,0,0,0,0,0,0,0,0,1,0,0,0,0,0
303,England EFL League One,2022/2023,2023-01-14 12:00:00,27,Accrington Stanley,Bristol Rovers,2,0,2,"['51', '79']",[],2.85,3.25,2.27,1.75,1.7,0,0,0,0,0,0,0,0,1,0,0,0,0,0,0,0,0,0
304,England EFL League One,2022/2023,2023-01-16 17:00:00,27,Port Vale,Peterborough United,0,2,2,[],"['56', '64']",2.76,3.25,2.47,1.99,1.75,0,0,1,0,0,0,0,0,0,0,0,0,0,0,0,0,0,0
305,England EFL League One,2022/2023,2023-01-21 12:00:00,28,Barnsley,Accrington Stanley,3,1,4,"['5', '8', '19']",['90+4'],1.53,3.82,4.75,1.78,1.85,0,0,0,0,0,0,0,0,0,0,0,0,0,1,0,0,0,0
306,England EFL League One,2022/2023,2023-01-21 12:00:00,28,Derby County,Bolton Wanderers,2,1,3,"['16', '72']",['90+3'],1.96,3.3,3.2,1.91,1.83,0,0,0,0,0,0,0,0,0,1,0,0,0,0,0,0,0,0
307,England EFL League One,2022/2023,2023-01-21 12:00:00,28,Forest Green Rovers,Milton Keynes Dons,1,2,3,['29'],"['43', '51']",2.72,3.28,2.21,1.91,1.78,0,0,0,0,0,0,1,0,0,0,0,0,0,0,0,0,0,0
308,England EFL League One,2022/2023,2023-01-21 12:00:00,28,Oxford United,Ipswich Town,2,1,3,"['34', '83']",['38'],3.65,3.55,1.77,1.78,1.67,0,0,0,0,0,0,0,0,0,1,0,0,0,0,0,0,0,0
309,England EFL League One,2022/2023,2023-01-21 12:00:00,28,Plymouth Argyle,Cheltenham Town,4,2,6,"['26', '28', '64', '83']","['40', '70']",1.45,4.0,5.4,1.75,1.85,0,0,0,0,0,0,0,0,0,0,0,0,0,0,0,0,1,0
310,England EFL League One,2022/2023,2023-01-21 12:00:00,28,Portsmouth,Exeter City,2,0,2,"['57', '74']",[],2.0,3.35,3.05,1.89,1.78,0,0,0,0,0,0,0,0,1,0,0,0,0,0,0,0,0,0
311,England EFL League One,2022/2023,2023-01-21 12:00:00,28,Shrewsbury Town,Cambridge United,5,1,6,"['33', '45+5', '57', '71', '90+1']",['69'],1.73,3.3,4.05,2.12,1.9,0,0,0,0,0,0,0,0,0,0,0,0,0,0,0,0,1,0
312,England EFL League One,2022/2023,2023-01-21 12:00:00,28,Sheffield Wednesday,Fleetwood Town,1,0,1,['17'],[],1.35,4.3,6.4,1.71,1.85,0,0,0,0,1,0,0,0,0,0,0,0,0,0,0,0,0,0
313,England EFL League One,2022/2023,2023-01-24 16:45:00,26,Port Vale,Derby County,1,2,3,['56'],"['87', '89']",2.66,3.14,2.38,2.05,1.8,0,0,0,0,0,0,1,0,0,0,0,0,0,0,0,0,0,0
314,England EFL League One,2022/2023,2023-01-24 16:45:00,26,Milton Keynes Dons,Shrewsbury Town,0,1,1,[],['89'],2.24,3.04,2.94,2.25,1.85,0,1,0,0,0,0,0,0,0,0,0,0,0,0,0,0,0,0
315,England EFL League One,2022/2023,2023-01-24 16:45:00,26,Wycombe Wanderers,Oxford United,2,0,2,"['19', '35']",[],2.26,3.2,2.77,1.79,1.66,0,0,0,0,0,0,0,0,1,0,0,0,0,0,0,0,0,0
316,England EFL League One,2022/2023,2023-01-24 16:45:00,26,Bolton Wanderers,Forest Green Rovers,1,0,1,['6'],[],1.36,4.38,6.69,1.8,1.95,0,0,0,0,1,0,0,0,0,0,0,0,0,0,0,0,0,0
317,England EFL League One,2022/2023,2023-01-24 16:45:00,26,Ipswich Town,Morecambe,4,0,4,"['1', '16', '38', '45+6']",[],1.16,5.94,12.05,1.64,2.25,0,0,0,0,0,0,0,0,0,0,0,0,0,0,0,0,1,0
318,England EFL League One,2022/2023,2023-01-24 16:45:00,26,Fleetwood Town,Portsmouth,0,2,2,[],"['43', '83']",2.76,3.18,2.28,1.93,1.68,0,0,1,0,0,0,0,0,0,0,0,0,0,0,0,0,0,0
319,England EFL League One,2022/2023,2023-01-28 09:30:00,29,Charlton Athletic,Bolton Wanderers,1,2,3,['46'],"['4', '68']",2.45,3.2,2.5,1.91,1.7,0,0,0,0,0,0,1,0,0,0,0,0,0,0,0,0,0,0
320,England EFL League One,2022/2023,2023-01-28 12:00:00,29,Lincoln City,Cambridge United,0,0,0,[],[],1.94,3.25,3.45,2.02,1.86,1,0,0,0,0,0,0,0,0,0,0,0,0,0,0,0,0,0
321,England EFL League One,2022/2023,2023-01-28 12:00:00,29,Peterborough United,Portsmouth,2,1,3,"['18', '44']",['87'],1.94,3.3,3.4,2.02,1.85,0,0,0,0,0,0,0,0,0,1,0,0,0,0,0,0,0,0
322,England EFL League One,2022/2023,2023-01-28 12:00:00,29,Cheltenham Town,Port Vale,0,0,0,[],[],3.05,2.99,2.19,2.02,1.8,1,0,0,0,0,0,0,0,0,0,0,0,0,0,0,0,0,0
323,England EFL League One,2022/2023,2023-01-28 12:00:00,29,Shrewsbury Town,Forest Green Rovers,2,1,3,"['90+4', '90+8']",['18'],1.86,3.35,3.55,2.02,1.85,0,0,0,0,0,0,0,0,0,1,0,0,0,0,0,0,0,0
324,England EFL League One,2022/2023,2023-01-28 12:00:00,29,Burton Albion,Oxford United,2,0,2,"['40', '49']",[],2.61,3.3,2.3,1.8,1.65,0,0,0,0,0,0,0,0,1,0,0,0,0,0,0,0,0,0
325,England EFL League One,2022/2023,2023-01-28 12:00:00,29,Milton Keynes Dons,Exeter City,0,2,2,[],"['37', '67']",2.48,3.2,2.48,2.02,1.8,0,0,1,0,0,0,0,0,0,0,0,0,0,0,0,0,0,0
326,England EFL League One,2022/2023,2023-01-28 12:00:00,29,Morecambe,Bristol Rovers,5,1,6,"['20', '47', '49', '62', '88']",['90'],2.85,3.2,2.19,1.8,1.63,0,0,0,0,0,0,0,0,0,0,0,0,0,0,0,0,1,0
327,England EFL League One,2022/2023,2023-02-01 16:45:00,21,Oxford United,Barnsley,1,2,3,['71'],"['30', '58']",2.36,3.25,2.95,2.01,1.8,0,0,0,0,0,0,1,0,0,0,0,0,0,0,0,0,0,0
328,England EFL League One,2022/2023,2023-02-04 12:00:00,30,Oxford United,Shrewsbury Town,0,1,1,[],['74'],1.87,3.5,4.0,1.95,1.8,0,1,0,0,0,0,0,0,0,0,0,0,0,0,0,0,0,0
329,England EFL League One,2022/2023,2023-02-04 12:00:00,30,Sheffield Wednesday,Plymouth Argyle,1,0,1,['7'],[],1.76,3.7,4.3,2.09,1.95,0,0,0,0,1,0,0,0,0,0,0,0,0,0,0,0,0,0
330,England EFL League One,2022/2023,2023-02-04 12:00:00,30,Accrington Stanley,Lincoln City,0,3,3,[],"['24', '55', '58']",2.22,3.3,3.15,1.97,1.8,0,0,0,1,0,0,0,0,0,0,0,0,0,0,0,0,0,0
331,England EFL League One,2022/2023,2023-02-04 12:00:00,30,Port Vale,Wycombe Wanderers,0,3,3,[],"['13', '79', '82']",2.46,3.25,2.8,2.0,1.83,0,0,0,1,0,0,0,0,0,0,0,0,0,0,0,0,0,0
332,England EFL League One,2022/2023,2023-02-04 12:00:00,30,Bristol Rovers,Milton Keynes Dons,0,2,2,[],"['3', '90+1']",2.16,3.4,3.2,1.9,1.75,0,0,1,0,0,0,0,0,0,0,0,0,0,0,0,0,0,0
333,England EFL League One,2022/2023,2023-02-04 12:00:00,30,Bolton Wanderers,Cheltenham Town,1,0,1,['80'],[],1.5,4.2,6.0,1.89,1.95,0,0,0,0,1,0,0,0,0,0,0,0,0,0,0,0,0,0
334,England EFL League One,2022/2023,2023-02-04 12:00:00,30,Derby County,Morecambe,5,0,5,"['45', '47', '50', '66', '69']",[],1.31,5.0,8.8,1.8,2.05,0,0,0,0,0,0,0,0,0,0,0,0,0,0,0,0,1,0
335,England EFL League One,2022/2023,2023-02-04 12:00:00,30,Exeter City,Charlton Athletic,1,2,3,['31'],"['8', '18']",2.38,3.25,2.9,2.07,1.8,0,0,0,0,0,0,1,0,0,0,0,0,0,0,0,0,0,0
336,England EFL League One,2022/2023,2023-02-04 12:00:00,30,Fleetwood Town,Burton Albion,2,3,5,"['58', '90+4']","['60', '80', '90+6']",2.14,3.35,3.3,1.97,1.72,0,0,0,0,0,0,0,0,0,0,0,1,0,0,0,0,0,0
337,England EFL League One,2022/2023,2023-02-04 12:00:00,30,Forest Green Rovers,Peterborough United,0,2,2,[],"['72', '90+5']",3.6,3.6,1.95,1.8,1.7,0,0,1,0,0,0,0,0,0,0,0,0,0,0,0,0,0,0
338,England EFL League One,2022/2023,2023-02-04 12:00:00,30,Portsmouth,Barnsley,1,1,2,['49'],['89'],2.3,3.4,2.95,1.92,1.75,0,0,0,0,0,1,0,0,0,0,0,0,0,0,0,0,0,0
339,England EFL League One,2022/2023,2023-02-04 12:00:00,30,Cambridge United,Ipswich Town,1,1,2,['24'],['54'],6.0,4.2,1.5,1.83,1.95,0,0,0,0,0,1,0,0,0,0,0,0,0,0,0,0,0,0
340,England EFL League One,2022/2023,2023-02-07 16:45:00,22,Port Vale,Accrington Stanley,1,1,2,['57'],['52'],1.85,3.4,3.8,2.0,1.82,0,0,0,0,0,1,0,0,0,0,0,0,0,0,0,0,0,0
341,England EFL League One,2022/2023,2023-02-11 12:00:00,31,Lincoln City,Bristol Rovers,1,0,1,['14'],[],2.12,3.23,2.9,1.91,1.8,0,0,0,0,1,0,0,0,0,0,0,0,0,0,0,0,0,0
342,England EFL League One,2022/2023,2023-02-11 12:00:00,31,Barnsley,Cambridge United,2,0,2,"['8', '64']",[],1.51,3.88,4.9,1.74,1.9,0,0,0,0,0,0,0,0,1,0,0,0,0,0,0,0,0,0
343,England EFL League One,2022/2023,2023-02-11 12:00:00,31,Burton Albion,Exeter City,1,0,1,['84'],[],2.33,3.38,2.5,1.78,1.68,0,0,0,0,1,0,0,0,0,0,0,0,0,0,0,0,0,0
344,England EFL League One,2022/2023,2023-02-11 12:00:00,31,Charlton Athletic,Fleetwood Town,1,2,3,['45+5'],"['28', '52']",1.87,3.4,3.35,1.79,1.78,0,0,0,0,0,0,1,0,0,0,0,0,0,0,0,0,0,0
345,England EFL League One,2022/2023,2023-02-11 12:00:00,31,Ipswich Town,Sheffield Wednesday,2,2,4,"['43', '51']","['27', '34']",2.03,3.23,3.08,1.91,1.83,0,0,0,0,0,0,0,0,0,0,1,0,0,0,0,0,0,0
346,England EFL League One,2022/2023,2023-02-11 12:00:00,31,Milton Keynes Dons,Oxford United,1,1,2,['25'],['71'],2.25,3.23,2.7,2.05,1.83,0,0,0,0,0,1,0,0,0,0,0,0,0,0,0,0,0,0
347,England EFL League One,2022/2023,2023-02-11 12:00:00,31,Shrewsbury Town,Port Vale,3,2,5,"['27', '33', '43']","['13', '52']",2.15,3.18,2.88,2.04,1.8,0,0,0,0,0,0,0,0,0,0,0,0,0,0,1,0,0,0
348,England EFL League One,2022/2023,2023-02-11 12:00:00,31,Plymouth Argyle,Portsmouth,3,1,4,"['24', '70', '90+4']",['79'],1.81,3.43,3.58,1.78,1.72,0,0,0,0,0,0,0,0,0,0,0,0,0,1,0,0,0,0
349,England EFL League One,2022/2023,2023-02-11 12:00:00,31,Peterborough United,Bolton Wanderers,0,5,5,[],"['12', '42', '47', '51', '77']",2.13,3.38,2.78,1.79,1.75,0,0,0,0,0,0,0,0,0,0,0,0,0,0,0,0,0,1
350,England EFL League One,2022/2023,2023-02-11 12:00:00,31,Wycombe Wanderers,Derby County,3,2,5,"['11', '77', '86']","['66', '89']",2.93,3.33,2.07,1.82,1.75,0,0,0,0,0,0,0,0,0,0,0,0,0,0,1,0,0,0
351,England EFL League One,2022/2023,2023-02-11 12:00:00,31,Morecambe,Forest Green Rovers,1,1,2,['89'],['81'],2.28,3.33,2.57,1.82,1.72,0,0,0,0,0,1,0,0,0,0,0,0,0,0,0,0,0,0
352,England EFL League One,2022/2023,2023-02-11 12:00:00,31,Cheltenham Town,Accrington Stanley,0,0,0,[],[],2.15,3.23,2.87,1.95,1.75,1,0,0,0,0,0,0,0,0,0,0,0,0,0,0,0,0,0
353,England EFL League One,2022/2023,2023-02-14 16:45:00,32,Sheffield Wednesday,Morecambe,3,0,3,"['1', '22', '87']",[],1.3,5.5,10.0,1.75,2.38,0,0,0,0,0,0,0,0,0,0,0,0,1,0,0,0,0,0
354,England EFL League One,2022/2023,2023-02-14 16:45:00,32,Portsmouth,Burton Albion,1,0,1,['90+2'],[],1.67,3.64,4.14,1.81,1.8,0,0,0,0,1,0,0,0,0,0,0,0,0,0,0,0,0,0
355,England EFL League One,2022/2023,2023-02-14 16:45:00,32,Bristol Rovers,Ipswich Town,0,0,0,[],[],5.2,3.79,1.52,1.85,1.73,1,0,0,0,0,0,0,0,0,0,0,0,0,0,0,0,0,0
356,England EFL League One,2022/2023,2023-02-14 16:45:00,32,Port Vale,Barnsley,1,3,4,['14'],"['1', '21', '61']",2.74,2.91,2.46,1.9,1.8,0,0,0,0,0,0,0,1,0,0,0,0,0,0,0,0,0,0
357,England EFL League One,2022/2023,2023-02-14 16:45:00,32,Oxford United,Plymouth Argyle,1,3,4,['44'],"['19', '65', '90+3']",2.41,3.21,2.58,1.9,1.75,0,0,0,0,0,0,0,1,0,0,0,0,0,0,0,0,0,0
358,England EFL League One,2022/2023,2023-02-14 16:45:00,32,Accrington Stanley,Wycombe Wanderers,0,2,2,[],"['18', '90']",3.18,3.33,2.0,1.77,1.67,0,0,1,0,0,0,0,0,0,0,0,0,0,0,0,0,0,0
359,England EFL League One,2022/2023,2023-02-14 16:45:00,32,Forest Green Rovers,Charlton Athletic,0,1,1,[],['12'],2.75,3.3,2.55,1.83,1.73,0,1,0,0,0,0,0,0,0,0,0,0,0,0,0,0,0,0
360,England EFL League One,2022/2023,2023-02-14 16:45:00,32,Fleetwood Town,Peterborough United,1,0,1,['20'],[],3.38,3.45,1.89,1.79,1.67,0,0,0,0,1,0,0,0,0,0,0,0,0,0,0,0,0,0
361,England EFL League One,2022/2023,2023-02-14 16:45:00,32,Exeter City,Shrewsbury Town,0,0,0,[],[],2.35,3.1,3.2,2.0,1.8,1,0,0,0,0,0,0,0,0,0,0,0,0,0,0,0,0,0
362,England EFL League One,2022/2023,2023-02-14 16:45:00,32,Bolton Wanderers,Milton Keynes Dons,5,0,5,"['7', '21', '28', '62', '90+2']",[],1.59,3.53,4.97,2.05,2.0,0,0,0,0,0,0,0,0,0,0,0,0,0,0,0,0,1,0
363,England EFL League One,2022/2023,2023-02-14 16:45:00,32,Derby County,Lincoln City,1,1,2,['69'],['43'],1.36,4.16,7.18,1.83,2.0,0,0,0,0,0,1,0,0,0,0,0,0,0,0,0,0,0,0
364,England EFL League One,2022/2023,2023-02-14 16:45:00,32,Cambridge United,Cheltenham Town,1,2,3,['61'],"['57', '79']",2.21,3.04,2.99,2.0,1.73,0,0,0,0,0,0,1,0,0,0,0,0,0,0,0,0,0,0
365,England EFL League One,2022/2023,2023-02-18 12:00:00,33,Accrington Stanley,Shrewsbury Town,1,0,1,['12'],[],2.75,3.2,2.45,2.05,1.8,0,0,0,0,1,0,0,0,0,0,0,0,0,0,0,0,0,0
366,England EFL League One,2022/2023,2023-02-18 12:00:00,33,Plymouth Argyle,Fleetwood Town,0,0,0,[],[],1.71,3.7,4.3,1.82,1.8,1,0,0,0,0,0,0,0,0,0,0,0,0,0,0,0,0,0
367,England EFL League One,2022/2023,2023-02-18 12:00:00,33,Derby County,Charlton Athletic,2,0,2,"['9', '69']",[],1.68,3.7,4.5,1.76,1.75,0,0,0,0,0,0,0,0,1,0,0,0,0,0,0,0,0,0
368,England EFL League One,2022/2023,2023-02-18 12:00:00,33,Cheltenham Town,Barnsley,0,4,4,[],"['8', '15', '36', '74']",3.4,3.25,2.07,2.16,1.95,0,0,0,0,0,0,0,0,0,0,0,0,0,0,0,0,0,1
369,England EFL League One,2022/2023,2023-02-18 12:00:00,33,Wycombe Wanderers,Bolton Wanderers,1,0,1,['45+8'],[],2.55,3.3,2.55,2.07,1.8,0,0,0,0,1,0,0,0,0,0,0,0,0,0,0,0,0,0
370,England EFL League One,2022/2023,2023-02-18 12:00:00,33,Sheffield Wednesday,Milton Keynes Dons,5,2,7,"['9', '54', '64', '74', '89']","['2', '24']",1.49,4.2,5.6,1.68,1.8,0,0,0,0,0,0,0,0,0,0,0,0,0,0,0,0,1,0
371,England EFL League One,2022/2023,2023-02-18 12:00:00,33,Port Vale,Exeter City,1,0,1,['60'],[],2.35,3.3,2.8,1.98,1.8,0,0,0,0,1,0,0,0,0,0,0,0,0,0,0,0,0,0
372,England EFL League One,2022/2023,2023-02-18 12:00:00,33,Bristol Rovers,Burton Albion,1,2,3,['9'],"['44', '55']",2.16,3.2,3.2,1.78,1.67,0,0,0,0,0,0,1,0,0,0,0,0,0,0,0,0,0,0
373,England EFL League One,2022/2023,2023-02-18 12:00:00,33,Cambridge United,Oxford United,1,0,1,['8'],[],3.4,3.25,2.07,2.16,1.95,0,0,0,0,1,0,0,0,0,0,0,0,0,0,0,0,0,0
374,England EFL League One,2022/2023,2023-02-18 12:00:00,33,Lincoln City,Portsmouth,0,0,0,[],[],2.8,3.15,2.4,2.16,1.91,1,0,0,0,0,0,0,0,0,0,0,0,0,0,0,0,0,0
375,England EFL League One,2022/2023,2023-02-18 12:00:00,33,Ipswich Town,Forest Green Rovers,4,0,4,"['3', '41', '60', '79']",[],1.33,5.0,7.5,1.53,1.91,0,0,0,0,0,0,0,0,0,0,0,0,0,0,0,0,1,0
376,England EFL League One,2022/2023,2023-02-18 12:00:00,33,Morecambe,Peterborough United,0,3,3,[],"['12', '22', '29']",3.85,3.6,1.82,1.68,1.67,0,0,0,1,0,0,0,0,0,0,0,0,0,0,0,0,0,0
377,England EFL League One,2022/2023,2023-02-21 16:45:00,28,Morecambe,Port Vale,1,0,1,['51'],[],6.71,5.95,1.26,2.05,1.83,0,0,0,0,1,0,0,0,0,0,0,0,0,0,0,0,0,0
378,England EFL League One,2022/2023,2023-02-21 16:45:00,22,Fleetwood Town,Cambridge United,1,0,1,['88'],[],1.79,2.88,4.92,1.99,1.88,0,0,0,0,1,0,0,0,0,0,0,0,0,0,0,0,0,0
379,England EFL League One,2022/2023,2023-02-25 09:30:00,34,Oxford United,Bristol Rovers,0,3,3,[],"['22', '28', '75']",1.8,3.4,3.65,1.81,1.72,0,0,0,1,0,0,0,0,0,0,0,0,0,0,0,0,0,0
380,England EFL League One,2022/2023,2023-02-25 12:00:00,34,Bolton Wanderers,Port Vale,2,1,3,"['18', '27']",['8'],1.6,3.6,4.6,1.91,2.0,0,0,0,0,0,0,0,0,0,1,0,0,0,0,0,0,0,0
381,England EFL League One,2022/2023,2023-02-25 12:00:00,34,Burton Albion,Accrington Stanley,0,0,0,[],[],1.9,3.15,3.55,1.92,1.8,1,0,0,0,0,0,0,0,0,0,0,0,0,0,0,0,0,0
382,England EFL League One,2022/2023,2023-02-25 12:00:00,34,Charlton Athletic,Sheffield Wednesday,0,1,1,[],['9'],3.45,3.35,1.86,1.86,1.75,0,1,0,0,0,0,0,0,0,0,0,0,0,0,0,0,0,0
383,England EFL League One,2022/2023,2023-02-25 12:00:00,34,Exeter City,Cambridge United,2,0,2,"['18', '53']",[],1.76,3.3,3.85,2.05,1.9,0,0,0,0,0,0,0,0,1,0,0,0,0,0,0,0,0,0
384,England EFL League One,2022/2023,2023-02-25 12:00:00,34,Fleetwood Town,Morecambe,1,0,1,['13'],[],1.83,3.3,3.6,1.9,1.85,0,0,0,0,1,0,0,0,0,0,0,0,0,0,0,0,0,0
385,England EFL League One,2022/2023,2023-02-25 12:00:00,34,Forest Green Rovers,Lincoln City,1,1,2,['58'],['4'],2.75,3.05,2.3,2.12,1.9,0,0,0,0,0,1,0,0,0,0,0,0,0,0,0,0,0,0
386,England EFL League One,2022/2023,2023-02-25 12:00:00,34,Milton Keynes Dons,Ipswich Town,0,1,1,[],['26'],5.0,3.65,1.54,1.97,2.05,0,1,0,0,0,0,0,0,0,0,0,0,0,0,0,0,0,0
387,England EFL League One,2022/2023,2023-02-25 12:00:00,34,Barnsley,Derby County,4,1,5,"['21', '33', '45+2', '90+4']",['35'],2.8,3.15,2.2,2.05,1.8,0,0,0,0,0,0,0,0,0,0,0,0,0,0,0,0,1,0
388,England EFL League One,2022/2023,2023-02-25 12:00:00,34,Shrewsbury Town,Wycombe Wanderers,2,0,2,"['31', '86']",[],2.5,3.0,2.55,2.07,1.87,0,0,0,0,0,0,0,0,1,0,0,0,0,0,0,0,0,0
389,England EFL League One,2022/2023,2023-02-25 12:00:00,34,Peterborough United,Plymouth Argyle,5,2,7,"['16', '19', '54', '64', '78']","['36', '58']",1.86,3.3,3.4,1.83,1.67,0,0,0,0,0,0,0,0,0,0,0,0,0,0,0,0,1,0
390,England EFL League One,2022/2023,2023-02-25 12:00:00,34,Portsmouth,Cheltenham Town,4,0,4,"['5', '20', '26', '90+1']",[],1.64,3.5,4.3,1.85,1.87,0,0,0,0,0,0,0,0,0,0,0,0,0,0,0,0,1,0
391,England EFL League One,2022/2023,2023-02-28 16:45:00,11,Portsmouth,Bolton Wanderers,3,1,4,"['73', '84', '87']",['48'],2.81,3.3,2.4,1.97,1.79,0,0,0,0,0,0,0,0,0,0,0,0,0,1,0,0,0,0
392,England EFL League One,2022/2023,2023-02-28 16:45:00,28,Peterborough United,Charlton Athletic,0,0,0,[],[],1.78,3.75,4.06,1.73,1.72,1,0,0,0,0,0,0,0,0,0,0,0,0,0,0,0,0,0
393,England EFL League One,2022/2023,2023-02-28 16:45:00,11,Lincoln City,Milton Keynes Dons,1,1,2,['5'],['89'],2.25,3.2,3.14,2.31,1.8,0,0,0,0,0,1,0,0,0,0,0,0,0,0,0,0,0,0
394,England EFL League One,2022/2023,2023-02-28 16:45:00,11,Derby County,Cheltenham Town,2,0,2,"['43', '67']",[],1.36,4.7,7.88,1.75,2.0,0,0,0,0,0,0,0,0,1,0,0,0,0,0,0,0,0,0
